group,pk,sk,exchange,attack,cardinality
s3,6,1,803812,20,6
s3,6,1,200131,14,6
s3,6,1,172961,13,6
s3,6,1,257667,13,6
s3,6,1,329754,15,6
s3,6,1,183980,13,6
s3,6,1,183222,14,6
s3,6,1,235452,14,6
s3,6,1,148152,17,6
s3,6,1,211069,13,6
s3,6,1,241782,14,6
s3,6,1,257038,14,6
s3,6,1,246871,13,6
s3,6,1,187029,13,6
s3,6,1,400361,13,6
s3,6,1,155621,14,6
s3,6,1,207326,13,6
s3,6,1,107677,14,6
s3,6,1,234511,13,6
s3,6,1,126101,14,6
s3,6,1,154023,14,6
s3,6,1,133541,13,6
s3,6,1,155486,15,6
s3,6,1,177788,14,6
s3,6,1,287466,12,6
s3,6,2,163322,15,6
s3,6,2,167446,17,6
s3,6,2,270300,17,6
s3,6,2,177562,13,6
s3,6,2,262779,15,6
s3,6,2,211837,16,6
s3,6,2,188085,23,6
s3,6,2,291223,21,6
s3,6,2,120404,16,6
s3,6,2,238537,13,6
s3,6,2,214936,17,6
s3,6,2,132233,17,6
s3,6,2,236173,14,6
s3,6,2,184467,18,6
s3,6,2,223657,17,6
s3,6,2,167496,13,6
s3,6,2,181747,15,6
s3,6,2,209849,15,6
s3,6,2,237440,14,6
s3,6,2,168663,17,6
s3,6,2,300585,16,6
s3,6,2,155139,18,6
s3,6,2,439953,11,6
s3,6,2,146110,13,6
s3,6,2,336548,16,6
s3,6,3,132109,13,6
s3,6,3,155207,24,6
s3,6,3,178060,16,6
s3,6,3,299938,14,6
s3,6,3,332203,20,6
s3,6,3,310658,15,6
s3,6,3,196623,21,6
s3,6,3,177276,15,6
s3,6,3,173573,20,6
s3,6,3,260607,15,6
s3,6,3,208816,21,6
s3,6,3,222508,15,6
s3,6,3,221618,19,6
s3,6,3,216995,16,6
s3,6,3,163071,17,6
s3,6,3,211770,14,6
s3,6,3,237041,16,6
s3,6,3,242397,23,6
s3,6,3,205391,18,6
s3,6,3,241741,18,6
s3,6,3,243790,15,6
s3,6,3,99134,12,6
s3,6,3,378298,16,6
s3,6,3,141847,17,6
s3,6,3,201772,20,6
s3,6,4,327142,18,6
s3,6,4,120069,16,6
s3,6,4,168476,17,6
s3,6,4,337636,12,6
s3,6,4,280892,24,6
s3,6,4,267872,14,6
s3,6,4,192379,23,6
s3,6,4,148358,20,6
s3,6,4,192118,18,6
s3,6,4,253434,16,6
s3,6,4,218686,19,6
s3,6,4,147620,17,6
s3,6,4,299324,17,6
s3,6,4,228610,17,6
s3,6,4,200781,18,6
s3,6,4,136206,17,6
s3,6,4,260229,18,6
s3,6,4,268690,17,6
s3,6,4,308682,18,6
s3,6,4,191438,18,6
s3,6,4,182556,20,6
s3,6,4,293713,21,6
s3,6,4,214780,11,6
s3,6,4,207428,21,6
s3,6,4,124637,14,6
s3,6,5,113605,19,6
s3,6,5,242592,16,6
s3,6,5,155399,17,6
s3,6,5,156046,16,6
s3,6,5,229910,19,6
s3,6,5,248557,16,6
s3,6,5,156969,16,6
s3,6,5,310315,15,6
s3,6,5,184430,16,6
s3,6,5,174478,17,6
s3,6,5,160010,16,6
s3,6,5,136601,19,6
s3,6,5,252558,15,6
s3,6,5,138070,20,6
s3,6,5,224014,16,6
s3,6,5,126426,18,6
s3,6,5,194972,17,6
s3,6,5,258149,19,6
s3,6,5,134761,16,6
s3,6,5,221533,13,6
s3,6,5,225798,16,6
s3,6,5,219292,14,6
s3,6,5,295587,16,6
s3,6,5,179631,18,6
s3,6,5,205478,21,6
s4,6,1,105425,23,24
s4,6,1,86506,18,24
s4,6,1,95259,19,24
s4,6,1,98403,15,24
s4,6,1,97013,18,24
s4,6,1,106419,18,24
s4,6,1,111281,13,24
s4,6,1,112494,16,24
s4,6,1,110506,16,24
s4,6,1,120074,17,24
s4,6,1,103533,16,24
s4,6,1,90981,19,24
s4,6,1,107994,23,24
s4,6,1,113573,15,24
s4,6,1,87781,13,24
s4,6,1,87734,19,24
s4,6,1,91356,17,24
s4,6,1,101525,15,24
s4,6,1,104505,15,24
s4,6,1,103465,15,24
s4,6,1,105454,17,24
s4,6,1,94739,17,24
s4,6,1,127258,19,24
s4,6,1,95437,13,24
s4,6,1,88180,17,24
s4,6,2,95009,22,24
s4,6,2,92762,32,24
s4,6,2,97406,55,24
s4,6,2,103352,21,24
s4,6,2,106506,33,24
s4,6,2,104105,29,24
s4,6,2,111461,27,24
s4,6,2,112524,21,24
s4,6,2,98940,43,24
s4,6,2,103458,11,24
s4,6,2,91262,54,24
s4,6,2,96567,32,24
s4,6,2,106455,37,24
s4,6,2,117759,17,24
s4,6,2,114491,17,24
s4,6,2,105156,17,24
s4,6,2,90010,34,24
s4,6,2,102635,56,24
s4,6,2,89318,37,24
s4,6,2,99244,32,24
s4,6,2,102442,16,24
s4,6,2,90803,34,24
s4,6,2,96733,23,24
s4,6,2,104007,20,24
s4,6,2,95950,24,24
s4,6,3,104137,25,24
s4,6,3,91301,35,24
s4,6,3,99280,61,24
s4,6,3,97281,71,24
s4,6,3,96958,21,24
s4,6,3,97182,25,24
s4,6,3,104389,30,24
s4,6,3,90787,46,24
s4,6,3,104195,42,24
s4,6,3,98655,44,24
s4,6,3,90465,24,24
s4,6,3,112474,23,24
s4,6,3,89430,66,24
s4,6,3,98255,20,24
s4,6,3,95912,48,24
s4,6,3,105126,32,24
s4,6,3,89245,31,24
s4,6,3,105946,46,24
s4,6,3,102757,160,24
s4,6,3,102913,24,24
s4,6,3,97339,41,24
s4,6,3,96412,17,24
s4,6,3,95820,35,24
s4,6,3,90749,45,24
s4,6,3,90070,60,24
s4,6,4,112024,33,24
s4,6,4,97837,69,24
s4,6,4,105271,44,24
s4,6,4,112864,44,24
s4,6,4,108712,22,24
s4,6,4,96835,63,24
s4,6,4,94791,34,24
s4,6,4,111874,17,24
s4,6,4,104489,21,24
s4,6,4,90085,39,24
s4,6,4,95647,31,24
s4,6,4,98053,37,24
s4,6,4,102400,86,24
s4,6,4,98632,45,24
s4,6,4,88166,34,24
s4,6,4,106666,34,24
s4,6,4,89284,24,24
s4,6,4,99263,38,24
s4,6,4,92697,65,24
s4,6,4,128610,37,24
s4,6,4,87101,47,24
s4,6,4,103556,63,24
s4,6,4,107192,39,24
s4,6,4,91067,54,24
s4,6,4,126987,14,24
s4,6,5,89863,52,24
s4,6,5,118451,146,24
s4,6,5,110664,33,24
s4,6,5,117091,25,24
s4,6,5,105068,48,24
s4,6,5,102571,89,24
s4,6,5,107749,24,24
s4,6,5,98779,42,24
s4,6,5,95763,130,24
s4,6,5,99729,42,24
s4,6,5,105676,40,24
s4,6,5,102862,22,24
s4,6,5,97671,20,24
s4,6,5,97691,27,24
s4,6,5,103426,73,24
s4,6,5,98330,43,24
s4,6,5,96706,43,24
s4,6,5,98150,35,24
s4,6,5,103890,48,24
s4,6,5,88938,20,24
s4,6,5,99738,123,24
s4,6,5,111981,48,24
s4,6,5,113117,19,24
s4,6,5,112749,42,24
s4,6,5,106247,39,24
s5,6,1,94660,22,120
s5,6,1,92007,18,120
s5,6,1,94975,22,120
s5,6,1,94255,17,120
s5,6,1,94911,19,120
s5,6,1,94744,14,120
s5,6,1,94668,20,120
s5,6,1,93702,20,120
s5,6,1,95511,14,120
s5,6,1,93941,12,120
s5,6,1,95316,20,120
s5,6,1,89204,14,120
s5,6,1,95999,20,120
s5,6,1,93544,14,120
s5,6,1,93752,15,120
s5,6,1,93677,22,120
s5,6,1,101898,16,120
s5,6,1,91491,15,120
s5,6,1,94973,16,120
s5,6,1,91462,13,120
s5,6,1,95559,21,120
s5,6,1,95684,22,120
s5,6,1,103159,18,120
s5,6,1,95507,20,120
s5,6,1,93331,19,120
s5,6,2,94018,27,120
s5,6,2,93143,60,120
s5,6,2,94980,21,120
s5,6,2,93667,45,120
s5,6,2,102627,74,120
s5,6,2,101117,35,120
s5,6,2,95741,42,120
s5,6,2,100899,47,120
s5,6,2,111174,46,120
s5,6,2,95684,87,120
s5,6,2,95417,56,120
s5,6,2,94937,31,120
s5,6,2,96076,45,120
s5,6,2,92699,65,120
s5,6,2,96785,133,120
s5,6,2,94161,104,120
s5,6,2,95829,41,120
s5,6,2,109107,42,120
s5,6,2,95081,44,120
s5,6,2,102237,39,120
s5,6,2,103783,46,120
s5,6,2,101330,77,120
s5,6,2,95923,34,120
s5,6,2,92328,88,120
s5,6,2,96196,37,120
s5,6,3,102190,125,120
s5,6,3,104496,434,120
s5,6,3,102711,167,120
s5,6,3,94334,200,120
s5,6,3,95026,74,120
s5,6,3,93738,174,120
s5,6,3,92147,131,120
s5,6,3,95964,75,120
s5,6,3,94355,15,120
s5,6,3,104310,66,120
s5,6,3,93073,118,120
s5,6,3,96440,46,120
s5,6,3,101372,68,120
s5,6,3,95492,93,120
s5,6,3,93676,177,120
s5,6,3,97846,101,120
s5,6,3,101028,132,120
s5,6,3,95782,97,120
s5,6,3,92222,130,120
s5,6,3,96004,323,120
s5,6,3,92449,160,120
s5,6,3,94878,236,120
s5,6,3,91173,18,120
s5,6,3,95685,33,120
s5,6,3,94463,390,120
s5,6,4,95667,336,120
s5,6,4,93598,114,120
s5,6,4,102839,71,120
s5,6,4,93178,29,120
s5,6,4,96696,155,120
s5,6,4,94749,186,120
s5,6,4,95380,407,120
s5,6,4,93475,29,120
s5,6,4,95103,61,120
s5,6,4,92536,495,120
s5,6,4,104529,276,120
s5,6,4,95021,69,120
s5,6,4,95409,147,120
s5,6,4,118884,111,120
s5,6,4,93282,470,120
s5,6,4,94271,271,120
s5,6,4,95097,129,120
s5,6,4,94139,141,120
s5,6,4,93872,45,120
s5,6,4,93138,382,120
s5,6,4,96310,603,120
s5,6,4,95193,352,120
s5,6,4,99703,340,120
s5,6,4,93656,139,120
s5,6,4,95714,366,120
s5,6,5,95316,41,120
s5,6,5,93805,132,120
s5,6,5,92957,221,120
s5,6,5,92258,268,120
s5,6,5,94332,89,120
s5,6,5,92370,91,120
s5,6,5,96536,58,120
s5,6,5,104104,251,120
s5,6,5,94354,144,120
s5,6,5,93414,66,120
s5,6,5,94949,328,120
s5,6,5,93955,332,120
s5,6,5,94872,232,120
s5,6,5,92486,180,120
s5,6,5,101828,346,120
s5,6,5,93249,212,120
s5,6,5,96477,129,120
s5,6,5,93554,273,120
s5,6,5,104138,337,120
s5,6,5,94293,120,120
s5,6,5,94970,236,120
s5,6,5,93347,202,120
s5,6,5,106551,181,120
s5,6,5,93243,165,120
s5,6,5,94438,194,120
s6,6,1,100483,18,720
s6,6,1,99341,19,720
s6,6,1,98665,17,720
s6,6,1,99300,22,720
s6,6,1,98394,21,720
s6,6,1,99751,20,720
s6,6,1,99050,18,720
s6,6,1,100525,20,720
s6,6,1,97549,855,720
s6,6,1,106991,21,720
s6,6,1,99541,14,720
s6,6,1,102945,21,720
s6,6,1,99375,21,720
s6,6,1,97858,21,720
s6,6,1,98694,17,720
s6,6,1,97479,22,720
s6,6,1,99815,18,720
s6,6,1,99008,18,720
s6,6,1,96817,23,720
s6,6,1,99211,13,720
s6,6,1,100458,24,720
s6,6,1,98533,14,720
s6,6,1,99902,20,720
s6,6,1,99600,19,720
s6,6,1,101503,21,720
s6,6,2,98299,46,720
s6,6,2,106260,58,720
s6,6,2,100200,38,720
s6,6,2,98906,38,720
s6,6,2,97830,47,720
s6,6,2,99449,62,720
s6,6,2,97148,78,720
s6,6,2,98889,48,720
s6,6,2,97895,44,720
s6,6,2,100099,126,720
s6,6,2,98204,58,720
s6,6,2,100010,90,720
s6,6,2,99159,60,720
s6,6,2,102112,102,720
s6,6,2,98299,72,720
s6,6,2,100224,52,720
s6,6,2,99791,102,720
s6,6,2,111862,49,720
s6,6,2,101666,81,720
s6,6,2,105529,88,720
s6,6,2,100721,67,720
s6,6,2,99943,73,720
s6,6,2,99862,52,720
s6,6,2,99285,28,720
s6,6,2,97045,82,720
s6,6,3,97754,222,720
s6,6,3,98084,233,720
s6,6,3,102629,309,720
s6,6,3,97964,322,720
s6,6,3,100280,765,720
s6,6,3,98253,837,720
s6,6,3,99454,468,720
s6,6,3,106085,202,720
s6,6,3,99629,109,720
s6,6,3,101967,586,720
s6,6,3,100510,330,720
s6,6,3,102029,857,720
s6,6,3,101454,462,720
s6,6,3,99349,265,720
s6,6,3,97152,703,720
s6,6,3,101494,207,720
s6,6,3,103551,288,720
s6,6,3,97155,76,720
s6,6,3,98569,149,720
s6,6,3,99979,678,720
s6,6,3,100562,842,720
s6,6,3,101370,782,720
s6,6,3,100863,360,720
s6,6,3,100150,473,720
s6,6,3,115637,987,720
s6,6,4,99676,1695,720
s6,6,4,99880,384,720
s6,6,4,98935,2922,720
s6,6,4,100551,827,720
s6,6,4,100294,486,720
s6,6,4,102698,1043,720
s6,6,4,100022,164,720
s6,6,4,100679,2438,720
s6,6,4,99980,406,720
s6,6,4,105420,878,720
s6,6,4,99473,279,720
s6,6,4,100333,736,720
s6,6,4,101546,1179,720
s6,6,4,102181,266,720
s6,6,4,102719,3068,720
s6,6,4,100751,3365,720
s6,6,4,102620,4463,720
s6,6,4,99707,600,720
s6,6,4,96239,84,720
s6,6,4,97223,1221,720
s6,6,4,100847,160,720
s6,6,4,98541,314,720
s6,6,4,94308,438,720
s6,6,4,97579,2382,720
s6,6,4,97711,2452,720
s6,6,5,102850,2911,720
s6,6,5,105417,430,720
s6,6,5,95373,1606,720
s6,6,5,109715,1311,720
s6,6,5,97056,1055,720
s6,6,5,97944,3271,720
s6,6,5,97800,1032,720
s6,6,5,107001,2099,720
s6,6,5,97220,11337,720
s6,6,5,96845,897,720
s6,6,5,96881,92,720
s6,6,5,109521,513,720
s6,6,5,96592,1541,720
s6,6,5,102109,1410,720
s6,6,5,100799,1273,720
s6,6,5,96250,1543,720
s6,6,5,97187,6304,720
s6,6,5,94903,272,720
s6,6,5,97669,294,720
s6,6,5,95427,570,720
s6,6,5,95160,563,720
s6,6,5,98240,1826,720
s6,6,5,105315,2793,720
s6,6,5,98756,1246,720
s6,6,5,99318,6415,720
s7,6,1,105464,17,5040
s7,6,1,103900,22,5040
s7,6,1,102245,20,5040
s7,6,1,103112,16,5040
s7,6,1,102183,17,5040
s7,6,1,103175,24,5040
s7,6,1,103475,21,5040
s7,6,1,102668,17,5040
s7,6,1,104102,26,5040
s7,6,1,103149,17,5040
s7,6,1,107515,20,5040
s7,6,1,103723,19,5040
s7,6,1,102790,16,5040
s7,6,1,105026,18,5040
s7,6,1,105469,21,5040
s7,6,1,105745,18,5040
s7,6,1,104599,21,5040
s7,6,1,108373,18,5040
s7,6,1,107436,21,5040
s7,6,1,111371,18,5040
s7,6,1,102472,15,5040
s7,6,1,104406,20,5040
s7,6,1,104694,18,5040
s7,6,1,118660,18,5040
s7,6,1,103332,18,5040
s7,6,2,103454,95,5040
s7,6,2,104179,132,5040
s7,6,2,102539,86,5040
s7,6,2,104749,103,5040
s7,6,2,103705,106,5040
s7,6,2,102406,44,5040
s7,6,2,104480,90,5040
s7,6,2,103903,87,5040
s7,6,2,102003,32,5040
s7,6,2,104895,130,5040
s7,6,2,103292,15,5040
s7,6,2,101128,37,5040
s7,6,2,104805,106,5040
s7,6,2,103124,36,5040
s7,6,2,106401,114,5040
s7,6,2,103801,97,5040
s7,6,2,103505,113,5040
s7,6,2,103308,35,5040
s7,6,2,103591,34,5040
s7,6,2,102237,24,5040
s7,6,2,102825,142,5040
s7,6,2,103635,122,5040
s7,6,2,103595,114,5040
s7,6,2,102581,89,5040
s7,6,2,105868,74,5040
s7,6,3,105847,123,5040
s7,6,3,122779,248,5040
s7,6,3,113528,678,5040
s7,6,3,103581,84,5040
s7,6,3,103109,1963,5040
s7,6,3,102851,631,5040
s7,6,3,102592,1272,5040
s7,6,3,103491,1155,5040
s7,6,3,103786,682,5040
s7,6,3,103017,105,5040
s7,6,3,103191,577,5040
s7,6,3,103570,591,5040
s7,6,3,104091,170,5040
s7,6,3,114833,565,5040
s7,6,3,104033,966,5040
s7,6,3,104091,1174,5040
s7,6,3,102002,69,5040
s7,6,3,103056,497,5040
s7,6,3,103157,731,5040
s7,6,3,102921,1435,5040
s7,6,3,102214,291,5040
s7,6,3,102693,675,5040
s7,6,3,101943,149,5040
s7,6,3,103410,451,5040
s7,6,3,103237,764,5040
s7,6,4,103091,3372,5040
s7,6,4,103447,2514,5040
s7,6,4,105849,3118,5040
s7,6,4,104177,1482,5040
s7,6,4,103914,379,5040
s7,6,4,102976,1338,5040
s7,6,4,104059,4062,5040
s7,6,4,105674,2503,5040
s7,6,4,100493,12023,5040
s7,6,4,103314,2152,5040
s7,6,4,103608,2825,5040
s7,6,4,103747,9528,5040
s7,6,4,102617,839,5040
s7,6,4,102644,12494,5040
s7,6,4,103699,6772,5040
s7,6,4,106204,7759,5040
s7,6,4,102608,4115,5040
s7,6,4,102538,8346,5040
s7,6,4,102883,4200,5040
s7,6,4,104121,6109,5040
s7,6,4,103039,4483,5040
s7,6,4,103422,7007,5040
s7,6,4,103869,12452,5040
s7,6,4,104097,814,5040
s7,6,4,103341,3474,5040
s7,6,5,102291,29415,5040
s7,6,5,102726,3881,5040
s7,6,5,102158,2720,5040
s7,6,5,102758,8249,5040
s7,6,5,106735,19865,5040
s7,6,5,103697,36605,5040
s7,6,5,103176,20608,5040
s7,6,5,103081,6315,5040
s7,6,5,103007,7624,5040
s7,6,5,103667,20279,5040
s7,6,5,102496,2918,5040
s7,6,5,103859,6305,5040
s7,6,5,105485,4910,5040
s7,6,5,104653,9378,5040
s7,6,5,103936,1314,5040
s7,6,5,106105,6887,5040
s7,6,5,103182,7154,5040
s7,6,5,106724,13136,5040
s7,6,5,103800,12991,5040
s7,6,5,104690,10060,5040
s7,6,5,103730,3618,5040
s7,6,5,103972,16136,5040
s7,6,5,103234,6492,5040
s7,6,5,104505,15739,5040
s7,6,5,104771,22094,5040
s8,6,1,109923,15,40320
s8,6,1,107179,21,40320
s8,6,1,107456,16,40320
s8,6,1,106751,27,40320
s8,6,1,107637,17,40320
s8,6,1,111038,17,40320
s8,6,1,107694,22,40320
s8,6,1,107846,15,40320
s8,6,1,107505,20,40320
s8,6,1,107980,22,40320
s8,6,1,109575,20,40320
s8,6,1,108307,15,40320
s8,6,1,107808,14,40320
s8,6,1,107863,18,40320
s8,6,1,109309,22,40320
s8,6,1,107162,20,40320
s8,6,1,108541,17,40320
s8,6,1,107422,14,40320
s8,6,1,111321,21,40320
s8,6,1,106204,22,40320
s8,6,1,108647,17,40320
s8,6,1,107799,20,40320
s8,6,1,106868,21,40320
s8,6,1,107629,21,40320
s8,6,1,107412,24,40320
s8,6,2,108160,52,40320
s8,6,2,107944,126,40320
s8,6,2,108258,46,40320
s8,6,2,107710,145,40320
s8,6,2,108451,128,40320
s8,6,2,107782,110,40320
s8,6,2,110554,78,40320
s8,6,2,108900,30,40320
s8,6,2,106783,90,40320
s8,6,2,108384,51,40320
s8,6,2,108039,38,40320
s8,6,2,107445,39,40320
s8,6,2,109611,74,40320
s8,6,2,107315,59,40320
s8,6,2,107620,93,40320
s8,6,2,108672,128,40320
s8,6,2,107847,83,40320
s8,6,2,108339,102,40320
s8,6,2,107150,85,40320
s8,6,2,111060,103,40320
s8,6,2,108840,84,40320
s8,6,2,108451,56,40320
s8,6,2,109836,88,40320
s8,6,2,108858,75,40320
s8,6,2,108161,121,40320
s8,6,3,108640,901,40320
s8,6,3,108872,1762,40320
s8,6,3,108342,563,40320
s8,6,3,108033,1031,40320
s8,6,3,108509,1601,40320
s8,6,3,108379,777,40320
s8,6,3,108319,160,40320
s8,6,3,110669,1305,40320
s8,6,3,107308,118,40320
s8,6,3,109173,122,40320
s8,6,3,108828,242,40320
s8,6,3,108780,1726,40320
s8,6,3,107194,673,40320
s8,6,3,108786,942,40320
s8,6,3,109414,393,40320
s8,6,3,108869,253,40320
s8,6,3,107994,308,40320
s8,6,3,106803,276,40320
s8,6,3,108021,469,40320
s8,6,3,108473,1006,40320
s8,6,3,110242,118,40320
s8,6,3,107624,857,40320
s8,6,3,107310,201,40320
s8,6,3,107805,981,40320
s8,6,3,108776,445,40320
s8,6,4,108106,5197,40320
s8,6,4,108847,12491,40320
s8,6,4,108640,1462,40320
s8,6,4,108750,23333,40320
s8,6,4,107927,12279,40320
s8,6,4,107182,10225,40320
s8,6,4,108126,5103,40320
s8,6,4,108489,15972,40320
s8,6,4,110926,6547,40320
s8,6,4,109078,14509,40320
s8,6,4,108881,5497,40320
s8,6,4,108602,18725,40320
s8,6,4,108449,7286,40320
s8,6,4,107158,14022,40320
s8,6,4,108123,15792,40320
s8,6,4,107231,1450,40320
s8,6,4,108898,11533,40320
s8,6,4,105837,6648,40320
s8,6,4,106704,3156,40320
s8,6,4,108492,9605,40320
s8,6,4,108548,15525,40320
s8,6,4,109638,9736,40320
s8,6,4,106958,13771,40320
s8,6,4,108039,6966,40320
s8,6,4,108274,10911,40320
s8,6,5,108864,8663,40320
s8,6,5,107937,67369,40320
s8,6,5,109301,72743,40320
s8,6,5,108278,79130,40320
s8,6,5,107800,29046,40320
s8,6,5,108285,28553,40320
s8,6,5,109639,37452,40320
s8,6,5,107227,85682,40320
s8,6,5,108206,117991,40320
s8,6,5,110839,9593,40320
s8,6,5,108215,7855,40320
s8,6,5,108587,43101,40320
s8,6,5,107910,188066,40320
s8,6,5,116688,35077,40320
s8,6,5,108210,30894,40320
s8,6,5,107012,35465,40320
s8,6,5,107643,3628,40320
s8,6,5,107234,46751,40320
s8,6,5,109336,8681,40320
s8,6,5,107836,80532,40320
s8,6,5,108691,2399,40320
s8,6,5,106584,24868,40320
s8,6,5,110329,18734,40320
s8,6,5,107520,64336,40320
s8,6,5,109089,14542,40320
d5,6,1,122016,14,10
d5,6,1,103594,17,10
d5,6,1,110617,16,10
d5,6,1,178572,13,10
d5,6,1,149639,16,10
d5,6,1,162701,14,10
d5,6,1,150383,17,10
d5,6,1,100378,14,10
d5,6,1,127142,11,10
d5,6,1,132053,16,10
d5,6,1,135321,15,10
d5,6,1,131767,14,10
d5,6,1,135316,12,10
d5,6,1,153614,15,10
d5,6,1,135656,14,10
d5,6,1,144308,17,10
d5,6,1,150412,18,10
d5,6,1,115903,13,10
d5,6,1,136350,20,10
d5,6,1,110600,17,10
d5,6,1,121213,13,10
d5,6,1,158649,14,10
d5,6,1,163360,17,10
d5,6,1,145986,14,10
d5,6,1,94620,15,10
d5,6,2,119799,19,10
d5,6,2,118675,21,10
d5,6,2,140471,17,10
d5,6,2,119825,13,10
d5,6,2,160254,26,10
d5,6,2,144583,27,10
d5,6,2,115854,15,10
d5,6,2,116102,23,10
d5,6,2,141794,17,10
d5,6,2,180107,14,10
d5,6,2,122615,20,10
d5,6,2,98013,24,10
d5,6,2,135609,11,10
d5,6,2,118279,12,10
d5,6,2,118555,14,10
d5,6,2,145640,11,10
d5,6,2,130852,13,10
d5,6,2,162775,26,10
d5,6,2,135203,18,10
d5,6,2,190595,22,10
d5,6,2,127428,15,10
d5,6,2,111486,15,10
d5,6,2,104396,19,10
d5,6,2,152937,17,10
d5,6,2,108361,19,10
d5,6,3,129227,26,10
d5,6,3,178975,17,10
d5,6,3,130353,24,10
d5,6,3,111280,15,10
d5,6,3,137088,16,10
d5,6,3,158436,27,10
d5,6,3,143741,15,10
d5,6,3,132427,16,10
d5,6,3,120338,20,10
d5,6,3,193744,20,10
d5,6,3,144765,16,10
d5,6,3,144768,18,10
d5,6,3,149524,31,10
d5,6,3,262054,14,10
d5,6,3,138862,22,10
d5,6,3,95352,16,10
d5,6,3,114479,20,10
d5,6,3,106925,32,10
d5,6,3,102824,47,10
d5,6,3,135633,18,10
d5,6,3,130349,12,10
d5,6,3,153446,16,10
d5,6,3,158851,19,10
d5,6,3,116691,19,10
d5,6,3,118845,19,10
d5,6,4,126962,17,10
d5,6,4,127030,14,10
d5,6,4,154608,13,10
d5,6,4,144658,22,10
d5,6,4,128242,16,10
d5,6,4,125780,11,10
d5,6,4,142320,19,10
d5,6,4,150294,42,10
d5,6,4,151168,21,10
d5,6,4,111765,28,10
d5,6,4,131806,20,10
d5,6,4,137735,18,10
d5,6,4,134513,26,10
d5,6,4,177538,20,10
d5,6,4,147493,29,10
d5,6,4,120132,24,10
d5,6,4,126823,23,10
d5,6,4,112874,17,10
d5,6,4,124252,32,10
d5,6,4,115636,17,10
d5,6,4,118639,17,10
d5,6,4,103841,16,10
d5,6,4,121152,32,10
d5,6,4,122893,24,10
d5,6,4,142687,18,10
d5,6,5,168529,16,10
d5,6,5,144527,20,10
d5,6,5,166434,24,10
d5,6,5,118828,21,10
d5,6,5,127037,22,10
d5,6,5,117958,25,10
d5,6,5,142399,27,10
d5,6,5,135717,20,10
d5,6,5,142857,39,10
d5,6,5,118239,17,10
d5,6,5,137475,23,10
d5,6,5,95170,20,10
d5,6,5,144392,16,10
d5,6,5,111261,18,10
d5,6,5,144701,37,10
d5,6,5,109658,25,10
d5,6,5,141948,22,10
d5,6,5,157943,31,10
d5,6,5,101308,42,10
d5,6,5,109191,26,10
d5,6,5,131535,26,10
d5,6,5,98613,20,10
d5,6,5,144251,27,10
d5,6,5,103271,24,10
d5,6,5,157579,15,10
d6,6,1,173429,12,12
d6,6,1,149767,12,12
d6,6,1,179320,16,12
d6,6,1,114829,16,12
d6,6,1,180635,19,12
d6,6,1,121149,15,12
d6,6,1,146179,12,12
d6,6,1,153925,11,12
d6,6,1,125884,13,12
d6,6,1,136602,14,12
d6,6,1,160776,14,12
d6,6,1,111428,12,12
d6,6,1,128538,13,12
d6,6,1,139053,16,12
d6,6,1,124958,12,12
d6,6,1,114795,15,12
d6,6,1,135394,13,12
d6,6,1,136932,14,12
d6,6,1,100935,17,12
d6,6,1,125096,14,12
d6,6,1,130075,12,12
d6,6,1,134532,11,12
d6,6,1,99933,13,12
d6,6,1,172673,14,12
d6,6,1,125306,12,12
d6,6,2,119665,18,12
d6,6,2,132644,19,12
d6,6,2,121910,15,12
d6,6,2,109803,14,12
d6,6,2,171223,14,12
d6,6,2,165671,16,12
d6,6,2,133214,14,12
d6,6,2,111128,16,12
d6,6,2,123553,11,12
d6,6,2,112072,16,12
d6,6,2,138599,15,12
d6,6,2,137846,21,12
d6,6,2,105213,14,12
d6,6,2,131576,13,12
d6,6,2,119897,12,12
d6,6,2,200135,22,12
d6,6,2,132139,18,12
d6,6,2,139676,21,12
d6,6,2,122080,15,12
d6,6,2,138757,13,12
d6,6,2,116541,18,12
d6,6,2,100855,16,12
d6,6,2,114670,27,12
d6,6,2,120887,16,12
d6,6,2,156355,17,12
d6,6,3,122278,13,12
d6,6,3,129340,23,12
d6,6,3,128997,20,12
d6,6,3,138456,17,12
d6,6,3,119817,32,12
d6,6,3,137108,19,12
d6,6,3,123324,22,12
d6,6,3,137444,21,12
d6,6,3,153719,23,12
d6,6,3,116543,15,12
d6,6,3,152152,15,12
d6,6,3,125108,15,12
d6,6,3,148902,17,12
d6,6,3,107688,17,12
d6,6,3,189538,19,12
d6,6,3,118898,17,12
d6,6,3,139797,20,12
d6,6,3,106078,28,12
d6,6,3,132881,26,12
d6,6,3,138114,24,12
d6,6,3,108699,23,12
d6,6,3,133521,12,12
d6,6,3,135571,19,12
d6,6,3,154477,16,12
d6,6,3,142474,17,12
d6,6,4,107707,17,12
d6,6,4,139867,14,12
d6,6,4,107910,13,12
d6,6,4,199798,16,12
d6,6,4,142025,15,12
d6,6,4,123763,23,12
d6,6,4,119436,19,12
d6,6,4,110863,16,12
d6,6,4,173946,18,12
d6,6,4,137777,41,12
d6,6,4,170672,23,12
d6,6,4,136923,24,12
d6,6,4,157694,16,12
d6,6,4,113879,17,12
d6,6,4,127928,19,12
d6,6,4,126090,26,12
d6,6,4,139165,17,12
d6,6,4,149270,29,12
d6,6,4,124919,21,12
d6,6,4,105583,19,12
d6,6,4,119311,17,12
d6,6,4,124370,30,12
d6,6,4,136310,18,12
d6,6,4,176598,18,12
d6,6,4,139269,31,12
d6,6,5,116432,40,12
d6,6,5,108059,17,12
d6,6,5,114759,16,12
d6,6,5,110074,25,12
d6,6,5,153498,25,12
d6,6,5,99221,19,12
d6,6,5,125984,15,12
d6,6,5,150569,13,12
d6,6,5,99626,26,12
d6,6,5,123189,12,12
d6,6,5,139463,17,12
d6,6,5,160729,27,12
d6,6,5,138337,20,12
d6,6,5,132590,13,12
d6,6,5,114271,24,12
d6,6,5,176373,29,12
d6,6,5,105026,18,12
d6,6,5,152080,23,12
d6,6,5,101548,27,12
d6,6,5,106085,19,12
d6,6,5,139153,14,12
d6,6,5,114454,25,12
d6,6,5,113439,16,12
d6,6,5,123964,29,12
d6,6,5,140619,21,12
d7,6,1,140532,16,14
d7,6,1,126097,15,14
d7,6,1,130571,15,14
d7,6,1,130333,13,14
d7,6,1,130625,15,14
d7,6,1,132783,16,14
d7,6,1,121389,12,14
d7,6,1,128645,21,14
d7,6,1,162798,16,14
d7,6,1,149286,18,14
d7,6,1,103833,16,14
d7,6,1,130444,15,14
d7,6,1,121902,17,14
d7,6,1,154053,13,14
d7,6,1,139738,13,14
d7,6,1,142749,15,14
d7,6,1,110207,15,14
d7,6,1,131409,13,14
d7,6,1,127787,15,14
d7,6,1,138009,12,14
d7,6,1,129015,15,14
d7,6,1,122995,16,14
d7,6,1,112741,18,14
d7,6,1,123734,18,14
d7,6,1,119340,14,14
d7,6,2,127309,14,14
d7,6,2,137779,19,14
d7,6,2,136790,15,14
d7,6,2,117928,17,14
d7,6,2,147697,27,14
d7,6,2,130709,22,14
d7,6,2,113447,17,14
d7,6,2,133141,27,14
d7,6,2,118298,33,14
d7,6,2,112019,20,14
d7,6,2,124604,13,14
d7,6,2,132487,15,14
d7,6,2,140326,18,14
d7,6,2,183846,19,14
d7,6,2,136681,23,14
d7,6,2,147370,37,14
d7,6,2,132634,21,14
d7,6,2,115013,23,14
d7,6,2,111660,35,14
d7,6,2,106749,56,14
d7,6,2,139324,22,14
d7,6,2,121466,21,14
d7,6,2,150800,23,14
d7,6,2,138331,28,14
d7,6,2,114355,25,14
d7,6,3,144757,46,14
d7,6,3,132101,26,14
d7,6,3,113579,44,14
d7,6,3,133263,47,14
d7,6,3,167280,43,14
d7,6,3,104701,27,14
d7,6,3,129798,33,14
d7,6,3,133031,30,14
d7,6,3,125376,26,14
d7,6,3,107222,20,14
d7,6,3,116204,65,14
d7,6,3,110383,20,14
d7,6,3,116582,14,14
d7,6,3,104846,16,14
d7,6,3,206393,18,14
d7,6,3,117171,20,14
d7,6,3,114585,32,14
d7,6,3,146517,33,14
d7,6,3,147275,43,14
d7,6,3,125406,23,14
d7,6,3,123039,14,14
d7,6,3,139139,23,14
d7,6,3,156251,19,14
d7,6,3,114012,17,14
d7,6,3,195547,36,14
d7,6,4,150544,38,14
d7,6,4,106181,38,14
d7,6,4,147529,26,14
d7,6,4,136645,29,14
d7,6,4,101267,21,14
d7,6,4,103040,25,14
d7,6,4,137056,33,14
d7,6,4,141559,28,14
d7,6,4,112710,20,14
d7,6,4,176059,32,14
d7,6,4,159830,33,14
d7,6,4,164675,25,14
d7,6,4,120181,30,14
d7,6,4,173466,19,14
d7,6,4,145852,19,14
d7,6,4,115593,43,14
d7,6,4,111910,23,14
d7,6,4,122088,28,14
d7,6,4,129770,39,14
d7,6,4,109926,18,14
d7,6,4,141469,37,14
d7,6,4,148915,17,14
d7,6,4,129945,23,14
d7,6,4,129325,22,14
d7,6,4,173241,25,14
d7,6,5,114959,42,14
d7,6,5,116407,38,14
d7,6,5,123333,27,14
d7,6,5,141440,36,14
d7,6,5,138627,23,14
d7,6,5,111805,37,14
d7,6,5,141637,28,14
d7,6,5,104400,23,14
d7,6,5,148246,36,14
d7,6,5,123838,22,14
d7,6,5,121557,13,14
d7,6,5,114971,25,14
d7,6,5,111789,35,14
d7,6,5,120705,65,14
d7,6,5,107230,38,14
d7,6,5,159188,34,14
d7,6,5,110358,16,14
d7,6,5,141892,13,14
d7,6,5,105873,16,14
d7,6,5,148058,79,14
d7,6,5,120145,20,14
d7,6,5,119499,14,14
d7,6,5,167235,19,14
d7,6,5,120281,21,14
d7,6,5,118012,24,14
