pk,sk,exchange,attack
2,1,360048,14
2,1,59557,13
2,1,49902,11
2,1,47201,9
2,1,47418,13
2,1,46677,11
2,1,47116,12
2,1,47177,9
2,1,46717,9
2,1,46847,10
2,1,46655,11
2,1,46472,9
2,1,46687,14
2,1,46281,9
2,1,46597,9
2,1,47135,11
2,1,46525,11
2,1,46489,10
2,1,46799,11
2,1,46303,9
2,1,46495,10
2,1,47156,9
2,1,45757,9
2,1,46633,10
2,1,46508,10
2,1,46518,10
2,1,46590,9
2,1,50235,9
2,1,46768,9
2,1,45746,10
2,1,46005,10
2,1,46623,10
2,1,46517,8
2,1,47282,10
2,1,46470,9
2,1,46110,9
2,1,47067,10
2,1,46251,10
2,1,46539,10
2,1,46610,9
2,1,46013,8
2,1,46142,9
2,1,46511,10
2,1,46426,8
2,1,46341,8
2,1,46802,9
2,1,46630,10
2,1,46630,10
2,1,46488,9
2,1,46222,11
2,1,46288,9
2,1,46740,9
2,1,46070,9
2,1,46410,11
2,1,46969,9
2,1,46284,10
2,1,46705,10
2,1,46647,11
2,1,48984,11
2,1,46313,10
2,1,46925,10
2,1,47114,9
2,1,46746,9
2,1,46805,10
2,1,46304,9
2,1,47040,7
2,1,47638,10
2,1,47123,10
2,1,46440,9
2,1,47703,11
2,1,46882,10
2,1,46555,8
2,1,47287,10
2,1,47154,9
2,1,45789,9
2,1,47125,11
2,1,47469,8
2,1,46450,10
2,1,46593,10
2,1,46692,11
2,1,46938,9
2,1,47330,10
2,1,46863,10
2,1,46706,9
2,1,47327,11
2,1,47471,8
2,1,46790,11
2,1,47791,11
2,1,46955,9
2,1,49397,10
2,1,46803,10
2,1,46761,10
2,1,46389,8
2,1,46239,10
2,1,46629,10
2,1,47564,8
2,1,47274,10
2,1,46125,9
2,1,47012,12
2,1,46898,10
3,1,70166,14
3,1,70051,14
3,1,70875,14
3,1,70353,12
3,1,70331,12
3,1,69889,9
3,1,70233,12
3,1,70197,11
3,1,71100,11
3,1,70379,12
3,1,69952,12
3,1,70312,11
3,1,70218,13
3,1,72421,12
3,1,70434,10
3,1,69727,11
3,1,69295,14
3,1,70024,14
3,1,69987,15
3,1,70262,11
3,1,70119,16
3,1,68901,11
3,1,70351,14
3,1,69623,13
3,1,71393,15
3,1,69696,11
3,1,69707,13
3,1,72200,13
3,1,80386,17
3,1,73465,15
3,1,72668,13
3,1,72916,13
3,1,71935,13
3,1,70841,17
3,1,79158,16
3,1,91589,14
3,1,70953,19
3,1,70017,15
3,1,71741,13
3,1,70045,10
3,1,70888,12
3,1,70662,12
3,1,70636,14
3,1,70918,11
3,1,70521,12
3,1,69904,10
3,1,69815,12
3,1,69142,14
3,1,70026,13
3,1,69850,11
3,1,69950,14
3,1,70529,11
3,1,69847,10
3,1,70932,9
3,1,70385,13
3,1,72879,15
3,1,70383,15
3,1,69529,10
3,1,69940,13
3,1,69644,12
3,1,70277,11
3,1,70015,27
3,1,71636,12
3,1,71065,13
3,1,70716,13
3,1,69962,11
3,1,70377,14
3,1,69162,15
3,1,70269,11
3,1,69901,13
3,1,76737,13
3,1,72818,18
3,1,70983,17
3,1,69285,11
3,1,69637,11
3,1,70233,12
3,1,73349,15
3,1,70246,15
3,1,70383,15
3,1,70430,12
3,1,70030,17
3,1,70197,12
3,1,70286,13
3,1,70313,12
3,1,82473,17
3,1,73934,16
3,1,74470,15
3,1,74245,15
3,1,72837,16
3,1,73625,10
3,1,73826,13
3,1,72081,15
3,1,72504,17
3,1,75371,12
3,1,73728,15
3,1,72456,15
3,1,77019,14
3,1,72783,13
3,1,78369,13
3,1,77942,11
3,2,73826,44
3,2,72531,46
3,2,73099,56
3,2,74172,14
3,2,70292,14
3,2,71138,45
3,2,72654,24
3,2,71529,43
3,2,71194,15
3,2,69448,25
3,2,70025,21
3,2,70664,38
3,2,71300,39
3,2,72065,29
3,2,72055,23
3,2,72933,29
3,2,73141,33
3,2,76189,53
3,2,70627,59
3,2,70413,13
3,2,75773,55
3,2,77097,18
3,2,76633,25
3,2,79651,26
3,2,75225,33
3,2,72943,19
3,2,91700,37
3,2,74558,28
3,2,76178,51
3,2,75100,26
3,2,75998,15
3,2,73971,41
3,2,73314,43
3,2,73891,27
3,2,72838,40
3,2,72009,13
3,2,70971,17
3,2,71152,23
3,2,78112,42
3,2,72946,36
3,2,72361,30
3,2,70368,32
3,2,70228,20
3,2,75396,22
3,2,92256,24
3,2,75951,49
3,2,75082,29
3,2,72486,41
3,2,71333,42
3,2,71293,35
3,2,70766,37
3,2,70739,25
3,2,71180,20
3,2,71420,28
3,2,73910,40
3,2,75083,23
3,2,74745,34
3,2,71237,31
3,2,73870,28
3,2,70474,36
3,2,69906,35
3,2,69886,26
3,2,70882,10
3,2,71632,39
3,2,70304,25
3,2,70619,16
3,2,70559,37
3,2,73300,16
3,2,72291,33
3,2,70980,45
3,2,71434,36
3,2,72130,23
3,2,71963,28
3,2,70950,14
3,2,71957,25
3,2,71294,25
3,2,72543,25
3,2,71249,43
3,2,71764,41
3,2,72858,35
3,2,76831,25
3,2,74311,25
3,2,73915,40
3,2,73727,39
3,2,72924,46
3,2,72298,31
3,2,74889,38
3,2,77659,23
3,2,75288,55
3,2,92361,27
3,2,76030,21
3,2,75697,15
3,2,76536,34
3,2,76686,17
3,2,75090,40
3,2,75006,30
3,2,75042,38
3,2,74884,26
3,2,73985,34
3,2,73262,27
4,1,98913,20
4,1,97382,14
4,1,102506,13
4,1,100419,16
4,1,99121,17
4,1,94675,15
4,1,94147,18
4,1,94690,14
4,1,94524,18
4,1,98636,19
4,1,102315,17
4,1,96516,18
4,1,93911,15
4,1,93089,19
4,1,93806,17
4,1,98380,18
4,1,103860,15
4,1,104489,17
4,1,102003,14
4,1,94409,17
4,1,98455,18
4,1,98730,17
4,1,106456,20
4,1,103464,16
4,1,99334,15
4,1,97678,16
4,1,97246,21
4,1,100374,17
4,1,99046,15
4,1,95528,18
4,1,96738,22
4,1,98830,17
4,1,98525,16
4,1,95408,35
4,1,97084,19
4,1,96128,22
4,1,92963,18
4,1,94347,16
4,1,93681,14
4,1,105539,20
4,1,103280,15
4,1,104198,18
4,1,107114,18
4,1,101965,19
4,1,107655,16
4,1,126749,18
4,1,107786,14
4,1,97147,17
4,1,97623,20
4,1,96169,17
4,1,94631,13
4,1,97681,16
4,1,108083,17
4,1,106825,19
4,1,108999,18
4,1,102069,18
4,1,100845,18
4,1,98070,17
4,1,97382,18
4,1,98402,16
4,1,100077,19
4,1,99023,16
4,1,99713,17
4,1,98771,17
4,1,97593,19
4,1,99318,19
4,1,95986,14
4,1,94652,22
4,1,103691,18
4,1,96517,20
4,1,97383,20
4,1,100216,17
4,1,94353,12
4,1,100100,15
4,1,109301,20
4,1,107953,17
4,1,130603,17
4,1,116753,18
4,1,103916,20
4,1,102466,16
4,1,98574,19
4,1,94281,20
4,1,95941,15
4,1,94818,21
4,1,99351,17
4,1,107046,16
4,1,98139,19
4,1,99235,20
4,1,94681,18
4,1,94087,13
4,1,105988,15
4,1,106747,19
4,1,109909,17
4,1,110682,16
4,1,112974,19
4,1,100987,15
4,1,104448,15
4,1,99256,17
4,1,101017,17
4,1,108697,20
4,2,134097,98
4,2,101945,45
4,2,106589,54
4,2,104973,46
4,2,104060,53
4,2,105248,19
4,2,102948,93
4,2,101698,72
4,2,99420,84
4,2,96979,60
4,2,101242,73
4,2,104000,56
4,2,106416,31
4,2,108009,62
4,2,106657,50
4,2,95693,21
4,2,93343,50
4,2,95017,77
4,2,91822,49
4,2,92434,31
4,2,92901,45
4,2,92841,96
4,2,94287,61
4,2,105278,52
4,2,96883,73
4,2,95069,58
4,2,94048,23
4,2,94197,26
4,2,92259,80
4,2,94354,45
4,2,92762,17
4,2,94688,62
4,2,95383,43
4,2,92132,72
4,2,95662,53
4,2,96593,83
4,2,92918,51
4,2,96708,63
4,2,96025,78
4,2,98899,51
4,2,92380,51
4,2,94009,94
4,2,96236,60
4,2,99804,87
4,2,95997,47
4,2,91657,91
4,2,91891,53
4,2,103285,79
4,2,106376,52
4,2,104304,78
4,2,101370,47
4,2,92259,91
4,2,93407,51
4,2,98460,84
4,2,102671,67
4,2,101505,50
4,2,91628,52
4,2,92256,101
4,2,91791,38
4,2,94462,74
4,2,93252,50
4,2,95721,81
4,2,94697,78
4,2,95499,43
4,2,91563,44
4,2,92255,28
4,2,94721,63
4,2,104105,44
4,2,104965,32
4,2,108262,28
4,2,110751,25
4,2,99602,66
4,2,97229,105
4,2,94221,45
4,2,92582,56
4,2,93769,74
4,2,91963,82
4,2,93655,34
4,2,94894,18
4,2,97246,19
4,2,93561,36
4,2,94424,94
4,2,91527,60
4,2,106137,20
4,2,102502,55
4,2,95056,75
4,2,97234,57
4,2,94406,40
4,2,92299,96
4,2,93489,59
4,2,108806,18
4,2,96557,56
4,2,94141,69
4,2,98884,31
4,2,102994,23
4,2,100556,53
4,2,98560,29
4,2,93967,28
4,2,103626,20
4,2,111239,45
4,3,109268,250
4,3,109516,377
4,3,110275,429
4,3,97142,624
4,3,100076,344
4,3,102795,97
4,3,105875,196
4,3,106668,385
4,3,99448,609
4,3,93370,42
4,3,96097,555
4,3,120288,87
4,3,96494,689
4,3,99392,146
4,3,102358,512
4,3,96259,816
4,3,96783,84
4,3,103376,170
4,3,100729,100
4,3,95343,536
4,3,132953,73
4,3,111174,48
4,3,110523,607
4,3,105758,324
4,3,95817,219
4,3,97456,412
4,3,94821,75
4,3,98928,412
4,3,105557,669
4,3,107579,342
4,3,101098,265
4,3,98300,540
4,3,110273,271
4,3,98053,391
4,3,97516,676
4,3,101767,406
4,3,101210,392
4,3,102445,376
4,3,92195,145
4,3,94018,519
4,3,91843,446
4,3,90938,257
4,3,90995,134
4,3,91365,403
4,3,90460,369
4,3,90258,299
4,3,90506,320
4,3,90601,598
4,3,93425,49
4,3,91073,590
4,3,90057,348
4,3,90337,36
4,3,90731,646
4,3,91324,360
4,3,90823,217
4,3,89847,707
4,3,90680,190
4,3,89996,291
4,3,90271,345
4,3,90840,464
4,3,99045,269
4,3,105385,441
4,3,101124,406
4,3,95213,650
4,3,92495,350
4,3,91574,69
4,3,90887,179
4,3,90930,69
4,3,91336,232
4,3,90113,291
4,3,91530,314
4,3,91958,351
4,3,95065,650
4,3,105058,361
4,3,104310,60
4,3,102379,628
4,3,93739,602
4,3,90757,437
4,3,92053,54
4,3,93651,798
4,3,93551,522
4,3,98619,301
4,3,101770,570
4,3,101051,181
4,3,102747,419
4,3,105041,732
4,3,99453,892
4,3,96160,104
4,3,94596,426
4,3,93975,73
4,3,91417,619
4,3,90859,157
4,3,92063,71
4,3,95963,222
4,3,100779,702
4,3,102862,362
4,3,105420,790
4,3,103613,390
4,3,104404,597
4,3,103973,48
5,1,130534,16
5,1,115589,23
5,1,114576,17
5,1,121192,19
5,1,129277,20
5,1,124990,19
5,1,113632,17
5,1,113564,20
5,1,117424,18
5,1,115061,20
5,1,116030,21
5,1,116248,19
5,1,115854,19
5,1,114915,19
5,1,135894,19
5,1,124916,36
5,1,128248,23
5,1,118863,20
5,1,117149,19
5,1,114433,18
5,1,117767,23
5,1,114273,21
5,1,113329,17
5,1,114681,21
5,1,114031,19
5,1,114126,17
5,1,113912,20
5,1,114351,15
5,1,114750,18
5,1,114159,18
5,1,113457,14
5,1,113854,16
5,1,114079,15
5,1,116678,19
5,1,114181,21
5,1,113950,21
5,1,113135,18
5,1,113338,11
5,1,114209,16
5,1,113633,16
5,1,113880,13
5,1,113889,17
5,1,113101,16
5,1,113908,18
5,1,113511,13
5,1,115983,20
5,1,112875,18
5,1,122530,22
5,1,128790,15
5,1,118459,17
5,1,115179,18
5,1,114061,13
5,1,114889,18
5,1,114170,15
5,1,115507,19
5,1,130593,18
5,1,131898,17
5,1,130887,22
5,1,130831,26
5,1,126739,17
5,1,125215,15
5,1,118218,23
5,1,121773,17
5,1,129421,20
5,1,129075,22
5,1,125062,18
5,1,124635,16
5,1,121292,23
5,1,115504,18
5,1,123498,18
5,1,125607,20
5,1,120067,19
5,1,118575,19
5,1,116545,20
5,1,115389,23
5,1,113654,15
5,1,112613,19
5,1,112886,16
5,1,113003,16
5,1,113215,17
5,1,114350,19
5,1,113827,17
5,1,116695,19
5,1,113482,16
5,1,113926,15
5,1,113092,22
5,1,113792,18
5,1,119406,21
5,1,125564,25
5,1,121051,21
5,1,113132,14
5,1,112898,21
5,1,112898,19
5,1,116737,16
5,1,116275,14
5,1,116190,17
5,1,114435,17
5,1,113201,15
5,1,112931,19
5,1,113971,16
5,2,113943,78
5,2,113579,54
5,2,113583,114
5,2,114690,76
5,2,115037,115
5,2,114467,115
5,2,119570,102
5,2,118204,76
5,2,114892,44
5,2,114075,75
5,2,114388,121
5,2,114895,21
5,2,114726,78
5,2,114973,132
5,2,119881,20
5,2,115800,65
5,2,112966,59
5,2,114450,94
5,2,113033,60
5,2,115634,68
5,2,112714,91
5,2,112542,59
5,2,112858,80
5,2,113695,61
5,2,113295,40
5,2,113582,59
5,2,113713,88
5,2,113094,97
5,2,113253,93
5,2,112487,37
5,2,114204,64
5,2,114180,62
5,2,116349,132
5,2,111800,40
5,2,113192,105
5,2,113589,54
5,2,113578,133
5,2,112602,64
5,2,113379,86
5,2,112401,106
5,2,113471,112
5,2,113854,105
5,2,113239,82
5,2,113382,58
5,2,115510,59
5,2,113580,69
5,2,112911,141
5,2,112418,87
5,2,112938,38
5,2,113046,41
5,2,113460,84
5,2,112849,103
5,2,113173,57
5,2,112787,89
5,2,113360,53
5,2,112854,79
5,2,116139,51
5,2,111968,116
5,2,113855,46
5,2,112655,118
5,2,113291,122
5,2,113829,88
5,2,113777,57
5,2,113412,121
5,2,112918,39
5,2,113573,86
5,2,113416,21
5,2,124078,76
5,2,120540,110
5,2,116118,123
5,2,114069,97
5,2,120012,57
5,2,119066,65
5,2,119088,114
5,2,119344,57
5,2,118998,44
5,2,119354,90
5,2,115230,122
5,2,123014,98
5,2,120857,109
5,2,113828,81
5,2,116987,112
5,2,117827,84
5,2,114638,72
5,2,115665,145
5,2,119051,56
5,2,114917,56
5,2,113676,125
5,2,114548,43
5,2,114477,77
5,2,117895,31
5,2,116993,97
5,2,116569,38
5,2,117161,37
5,2,120207,74
5,2,115113,67
5,2,114621,108
5,2,114980,107
5,2,118672,69
5,2,118773,125
5,3,119067,1125
5,3,119491,563
5,3,118182,282
5,3,118816,791
5,3,117878,1243
5,3,118170,689
5,3,120734,410
5,3,115173,387
5,3,118525,887
5,3,119388,929
5,3,115456,368
5,3,114030,106
5,3,116076,361
5,3,116275,661
5,3,115571,274
5,3,115042,1303
5,3,114563,958
5,3,114729,616
5,3,116444,801
5,3,113823,1093
5,3,116995,129
5,3,115108,1156
5,3,113466,69
5,3,114006,963
5,3,116898,697
5,3,118520,647
5,3,116954,356
5,3,115141,1003
5,3,113924,308
5,3,117648,653
5,3,119334,676
5,3,119152,971
5,3,114247,426
5,3,114982,933
5,3,115872,952
5,3,115093,356
5,3,115193,559
5,3,115357,437
5,3,114633,122
5,3,117164,799
5,3,115954,708
5,3,114774,263
5,3,115608,583
5,3,120209,806
5,3,117498,1273
5,3,115489,732
5,3,113880,807
5,3,116789,666
5,3,118667,1376
5,3,116327,1489
5,3,113677,622
5,3,114647,475
5,3,116055,51
5,3,115974,1092
5,3,114900,931
5,3,119233,733
5,3,117537,166
5,3,116581,1187
5,3,119771,690
5,3,114942,337
5,3,113209,635
5,3,117158,659
5,3,115681,986
5,3,116274,167
5,3,117574,459
5,3,118231,713
5,3,120216,437
5,3,117989,542
5,3,117213,694
5,3,119410,437
5,3,119528,702
5,3,117634,551
5,3,117221,611
5,3,119238,163
5,3,119592,432
5,3,117240,944
5,3,118010,823
5,3,119923,440
5,3,124811,874
5,3,125724,947
5,3,124749,444
5,3,120258,1262
5,3,127404,575
5,3,118481,825
5,3,116406,386
5,3,116420,607
5,3,113729,177
5,3,121286,310
5,3,113924,385
5,3,117529,1326
5,3,120323,1247
5,3,119224,198
5,3,116080,201
5,3,118868,607
5,3,115966,959
5,3,117639,198
5,3,118819,485
5,3,118624,745
5,3,118026,524
5,3,119721,1089
5,4,118647,5098
5,4,115214,8029
5,4,114921,4124
5,4,115378,5106
5,4,115994,9768
5,4,118303,6064
5,4,116814,13036
5,4,114232,7441
5,4,115689,6050
5,4,119528,9166
5,4,120078,5661
5,4,117416,2450
5,4,115066,5273
5,4,119607,9544
5,4,118567,6503
5,4,115246,2350
5,4,114638,1040
5,4,116563,11509
5,4,114609,6278
5,4,116048,8643
5,4,116026,2307
5,4,116703,707
5,4,119512,4660
5,4,118209,6863
5,4,116134,12704
5,4,115080,4573
5,4,114986,1649
5,4,116174,1754
5,4,117137,4513
5,4,115086,8570
5,4,117148,7884
5,4,115343,4352
5,4,116019,12865
5,4,119484,12881
5,4,119620,1933
5,4,118032,8674
5,4,115609,8362
5,4,116193,11706
5,4,115337,13044
5,4,115467,5532
5,4,113488,3936
5,4,114133,8424
5,4,117865,6712
5,4,118363,11643
5,4,118731,2476
5,4,119001,7885
5,4,119426,9238
5,4,115217,9972
5,4,115473,6307
5,4,118449,5859
5,4,118651,8063
5,4,119403,959
5,4,115219,8517
5,4,114785,7678
5,4,119067,612
5,4,116505,8735
5,4,117146,10835
5,4,117711,7223
5,4,117959,6017
5,4,115502,1001
5,4,116241,13001
5,4,115734,12994
5,4,115836,3087
5,4,115201,3242
5,4,115300,1909
5,4,115001,2069
5,4,113174,10950
5,4,117589,4988
5,4,117904,945
5,4,118890,3262
5,4,119759,11514
5,4,118673,3272
5,4,118073,1025
5,4,119191,12380
5,4,115513,1003
5,4,116337,4522
5,4,117337,17217
5,4,114177,3902
5,4,115531,4188
5,4,119305,2824
5,4,114473,13802
5,4,113411,3823
5,4,115100,6488
5,4,114216,6020
5,4,113755,6842
5,4,116437,16086
5,4,115593,11590
5,4,116410,8069
5,4,116538,8261
5,4,116411,9246
5,4,120742,1051
5,4,120985,624
5,4,116180,6388
5,4,116037,9025
5,4,115278,6531
5,4,117737,1009
5,4,116474,12110
5,4,114480,2737
5,4,114858,596
5,4,115841,5164
6,1,138769,19
6,1,139169,16
6,1,141903,26
6,1,140546,21
6,1,143737,19
6,1,141272,20
6,1,142812,21
6,1,142822,26
6,1,137988,25
6,1,140718,22
6,1,137374,22
6,1,142237,23
6,1,142667,26
6,1,145487,23
6,1,143333,25
6,1,142327,18
6,1,138259,21
6,1,140397,27
6,1,141498,19
6,1,139963,23
6,1,137268,25
6,1,140410,22
6,1,139153,23
6,1,141247,26
6,1,144903,28
6,1,142425,23
6,1,142137,22
6,1,141790,23
6,1,141455,39
6,1,139554,25
6,1,138901,21
6,1,137401,26
6,1,137837,23
6,1,136536,26
6,1,142809,23
6,1,138339,24
6,1,140766,28
6,1,139552,19
6,1,137912,22
6,1,140651,18
6,1,145764,24
6,1,150308,21
6,1,155433,21
6,1,146719,21
6,1,139960,19
6,1,138676,23
6,1,136069,24
6,1,137838,20
6,1,142037,22
6,1,140553,24
6,1,140397,23
6,1,142044,19
6,1,142792,27
6,1,137702,24
6,1,138423,15
6,1,141832,22
6,1,140566,24
6,1,138025,24
6,1,136563,21
6,1,136311,22
6,1,136270,24
6,1,138436,23
6,1,139469,29
6,1,136714,22
6,1,141473,21
6,1,144105,23
6,1,138800,18
6,1,139090,21
6,1,139817,19
6,1,136543,17
6,1,137964,17
6,1,137328,23
6,1,137395,22
6,1,138831,19
6,1,138295,23
6,1,141414,15
6,1,137977,23
6,1,140554,23
6,1,137663,23
6,1,147425,24
6,1,141928,20
6,1,151532,16
6,1,143111,24
6,1,143399,20
6,1,140329,28
6,1,139433,21
6,1,137826,21
6,1,136998,22
6,1,136356,24
6,1,135665,21
6,1,135743,18
6,1,136007,21
6,1,136338,20
6,1,136764,17
6,1,135630,20
6,1,136534,18
6,1,140582,20
6,1,135543,17
6,1,136306,22
6,1,135772,18
6,2,136331,65
6,2,137139,95
6,2,136762,48
6,2,135438,86
6,2,135661,68
6,2,135993,110
6,2,139275,183
6,2,136209,49
6,2,136092,46
6,2,136946,134
6,2,136651,59
6,2,135670,82
6,2,135958,70
6,2,137092,74
6,2,136855,86
6,2,135739,57
6,2,138319,42
6,2,136697,133
6,2,136700,31
6,2,137145,147
6,2,135787,88
6,2,136684,123
6,2,135586,30
6,2,136602,161
6,2,135793,134
6,2,155290,51
6,2,140726,173
6,2,139735,64
6,2,138367,137
6,2,144222,84
6,2,147189,120
6,2,139148,44
6,2,141849,113
6,2,138468,158
6,2,138173,104
6,2,136624,98
6,2,136943,35
6,2,138882,107
6,2,137430,60
6,2,138467,118
6,2,138721,81
6,2,136204,74
6,2,135653,160
6,2,139034,86
6,2,139307,98
6,2,136442,99
6,2,136910,88
6,2,140084,106
6,2,136989,152
6,2,136398,60
6,2,136949,130
6,2,136644,196
6,2,136224,52
6,2,136499,83
6,2,136018,56
6,2,137124,120
6,2,136194,118
6,2,139674,158
6,2,136438,153
6,2,136261,20
6,2,135479,108
6,2,136280,145
6,2,136806,99
6,2,136225,158
6,2,136478,128
6,2,137214,189
6,2,137488,105
6,2,136554,131
6,2,138212,41
6,2,135871,77
6,2,135539,91
6,2,137302,72
6,2,136353,38
6,2,136200,116
6,2,136250,156
6,2,137038,60
6,2,136208,82
6,2,135816,188
6,2,140808,26
6,2,143266,104
6,2,138663,121
6,2,137266,62
6,2,139759,108
6,2,143597,71
6,2,140917,98
6,2,143208,193
6,2,151833,100
6,2,140521,107
6,2,147230,135
6,2,138786,90
6,2,137981,103
6,2,136490,107
6,2,136234,85
6,2,136495,128
6,2,137258,81
6,2,136799,101
6,2,138280,149
6,2,137653,77
6,2,138813,115
6,2,139214,108
6,3,136798,267
6,3,135875,918
6,3,136462,1514
6,3,135944,106
6,3,136440,368
6,3,136182,1261
6,3,137365,1564
6,3,136294,1950
6,3,136567,300
6,3,138681,957
6,3,137134,2213
6,3,136826,334
6,3,135704,2532
6,3,137516,1530
6,3,135439,1219
6,3,135857,1596
6,3,137790,1089
6,3,137792,1586
6,3,136616,1223
6,3,140191,1306
6,3,136301,145
6,3,136185,1212
6,3,141202,1345
6,3,136236,1965
6,3,135862,1805
6,3,137421,1304
6,3,138764,1299
6,3,135812,1920
6,3,137116,973
6,3,138953,2285
6,3,136404,2217
6,3,141829,1265
6,3,137508,858
6,3,136319,1863
6,3,136234,805
6,3,138590,2478
6,3,140134,1287
6,3,152109,1395
6,3,158296,1169
6,3,155637,2283
6,3,144295,1417
6,3,136113,2045
6,3,136814,1382
6,3,136783,536
6,3,139012,412
6,3,137252,1014
6,3,138448,172
6,3,135074,780
6,3,135427,529
6,3,138276,1235
6,3,141004,990
6,3,137667,1043
6,3,136675,982
6,3,138205,1536
6,3,136404,1323
6,3,137328,1367
6,3,136846,766
6,3,136869,822
6,3,136974,475
6,3,137134,448
6,3,139424,1323
6,3,136635,1765
6,3,135860,1574
6,3,137984,1430
6,3,136980,1126
6,3,138809,1461
6,3,136982,472
6,3,135326,1740
6,3,137711,1101
6,3,139841,627
6,3,141351,1537
6,3,136080,1273
6,3,136750,1389
6,3,138555,1927
6,3,140943,1407
6,3,143668,723
6,3,136793,1493
6,3,142714,1640
6,3,148266,888
6,3,143923,1299
6,3,139402,1067
6,3,140283,697
6,3,137619,1567
6,3,137439,184
6,3,138173,1372
6,3,137097,1532
6,3,136544,1537
6,3,137253,808
6,3,136232,1426
6,3,136266,430
6,3,136634,1336
6,3,139196,875
6,3,137456,2279
6,3,137274,415
6,3,137702,612
6,3,135743,1090
6,3,136256,2112
6,3,138498,1297
6,3,137609,1214
6,3,135888,563
6,4,137043,5431
6,4,143634,8380
6,4,138274,25292
6,4,139117,15170
6,4,137990,18077
6,4,143475,3097
6,4,135942,15846
6,4,141368,16011
6,4,136769,11176
6,4,138748,20696
6,4,140829,27870
6,4,136044,22581
6,4,139152,15530
6,4,135972,11609
6,4,139343,16288
6,4,137222,23841
6,4,138739,14967
6,4,136082,5351
6,4,135885,23341
6,4,136784,22538
6,4,136539,31346
6,4,136427,14849
6,4,139418,17674
6,4,135524,19060
6,4,136078,17027
6,4,136427,5840
6,4,136848,15911
6,4,136900,6343
6,4,135990,22026
6,4,143806,10693
6,4,135911,9354
6,4,142819,32740
6,4,139686,26033
6,4,138911,12959
6,4,137604,13392
6,4,147601,13099
6,4,146898,17807
6,4,142330,28849
6,4,143182,26462
6,4,140367,16998
6,4,143488,16638
6,4,137505,1063
6,4,138518,13687
6,4,136810,28260
6,4,143608,11295
6,4,141456,6025
6,4,151499,5786
6,4,160074,16659
6,4,147926,12312
6,4,139180,7640
6,4,141505,19538
6,4,143566,24902
6,4,142164,15693
6,4,144175,20963
6,4,142318,15882
6,4,138363,13413
6,4,139986,11099
6,4,143932,23656
6,4,142792,8304
6,4,135672,1018
6,4,139232,6483
6,4,136627,1746
6,4,136509,16646
6,4,140254,7986
6,4,137136,21754
6,4,139534,14493
6,4,138381,5065
6,4,137147,16830
6,4,139809,13596
6,4,142423,20072
6,4,138972,17290
6,4,135940,11807
6,4,136929,6136
6,4,143413,8770
6,4,137339,1240
6,4,143824,5330
6,4,142426,26851
6,4,136265,5204
6,4,137532,17790
6,4,138515,22705
6,4,135066,15709
6,4,138224,1708
6,4,138060,2648
6,4,141441,1050
6,4,145602,23509
6,4,138307,10871
6,4,139855,13559
6,4,139279,18605
6,4,140428,9651
6,4,141157,20601
6,4,139181,6010
6,4,137590,5960
6,4,137603,28358
6,4,135035,14399
6,4,140200,30137
6,4,135974,8763
6,4,135293,28560
6,4,136381,11370
6,4,136751,7704
6,4,136825,21340
6,5,135231,258925
6,5,148594,431570
6,5,145839,298741
6,5,146944,42496
6,5,139385,142022
6,5,147960,12366
6,5,137408,378211
6,5,154569,135797
6,5,151247,312868
6,5,151172,325263
6,5,150487,133598
6,5,147743,58614
6,5,137350,12879
6,5,137250,64250
6,5,139563,289819
6,5,156969,125964
6,5,143692,60935
6,5,138385,255389
6,5,155023,23153
6,5,137688,232816
6,5,141172,306067
6,5,160130,181497
6,5,152376,22503
6,5,137739,358610
6,5,145946,160094
6,5,143528,175762
6,5,153682,184319
6,5,153772,13062
6,5,136365,120259
6,5,140037,60747
6,5,150075,257991
6,5,147265,259675
6,5,151198,205973
6,5,159220,176565
6,5,147953,224756
6,5,148138,194918
6,5,150473,251268
6,5,144845,296569
6,5,152436,218249
6,5,150402,114127
6,5,147779,184064
6,5,153590,387829
6,5,150999,63024
6,5,135862,179836
6,5,151204,165184
6,5,151765,86505
6,5,146658,12109
6,5,136000,170970
6,5,147690,91935
6,5,137671,150787
6,5,145730,11852
6,5,136124,300183
6,5,150104,97224
6,5,148354,145748
6,5,144097,354821
6,5,148793,81121
6,5,140309,50528
6,5,135056,99801
6,5,135383,308332
6,5,147235,193558
6,5,148334,421481
6,5,148806,321636
6,5,160656,94193
6,5,149514,313295
6,5,152154,11949
6,5,135970,308552
6,5,143550,171738
6,5,147447,12399
6,5,136160,330691
6,5,145353,146167
6,5,145839,407301
6,5,147519,260769
6,5,150788,23768
6,5,135607,88242
6,5,135607,209220
6,5,147124,51147
6,5,138489,370647
6,5,148953,151993
6,5,149506,199200
6,5,151438,451992
6,5,147935,42572
6,5,136469,341739
6,5,145131,279967
6,5,149092,239705
6,5,147292,32048
6,5,136538,447927
6,5,154686,21760
6,5,136228,120220
6,5,137028,216862
6,5,149768,150109
6,5,148967,379674
6,5,151989,95794
6,5,149647,234534
6,5,157634,115476
6,5,152921,99484
6,5,151037,201571
6,5,159607,125471
6,5,149127,241843
6,5,149259,217273
6,5,152471,56866
7,1,160348,27
7,1,159137,21
7,1,158417,23
7,1,158969,29
7,1,158149,24
7,1,158798,22
7,1,161024,26
7,1,158680,23
7,1,157698,25
7,1,158231,29
7,1,158037,24
7,1,158704,22
7,1,157161,22
7,1,158194,25
7,1,160746,22
7,1,158142,26
7,1,158194,21
7,1,158494,20
7,1,158228,19
7,1,157685,21
7,1,158699,22
7,1,158484,25
7,1,158519,27
7,1,162189,22
7,1,159232,22
7,1,157823,24
7,1,157908,21
7,1,157736,24
7,1,157747,23
7,1,157737,20
7,1,158054,24
7,1,157989,28
7,1,162504,25
7,1,158607,25
7,1,158633,26
7,1,159448,26
7,1,158745,30
7,1,160567,25
7,1,157732,25
7,1,158662,23
7,1,158719,24
7,1,161663,20
7,1,158070,29
7,1,157807,18
7,1,158318,23
7,1,159030,18
7,1,157321,26
7,1,157798,25
7,1,158037,20
7,1,158061,21
7,1,160776,27
7,1,156968,23
7,1,157431,19
7,1,157736,18
7,1,158039,20
7,1,158248,27
7,1,160423,28
7,1,161276,24
7,1,162527,23
7,1,157605,22
7,1,157646,21
7,1,157750,21
7,1,158473,26
7,1,159224,25
7,1,159183,21
7,1,156675,20
7,1,159334,30
7,1,161490,29
7,1,157863,15
7,1,160043,21
7,1,159404,27
7,1,158398,20
7,1,150691,22
7,1,171950,29
7,1,167004,29
7,1,165195,27
7,1,160801,24
7,1,158926,24
7,1,159490,21
7,1,159466,29
7,1,157710,27
7,1,159273,16
7,1,161758,21
7,1,161327,30
7,1,158619,22
7,1,162726,24
7,1,163760,19
7,1,160761,23
7,1,159833,22
7,1,159180,22
7,1,158856,29
7,1,159387,24
7,1,162262,24
7,1,164831,28
7,1,160445,29
7,1,160425,23
7,1,159566,28
7,1,159171,25
7,1,159891,24
7,1,161466,36
7,2,159648,77
7,2,158538,89
7,2,167717,227
7,2,165236,174
7,2,161681,106
7,2,159472,222
7,2,158839,205
7,2,158810,118
7,2,158866,67
7,2,157917,159
7,2,158863,174
7,2,160991,65
7,2,158916,195
7,2,160036,185
7,2,158664,128
7,2,158106,113
7,2,160571,193
7,2,158229,104
7,2,159226,109
7,2,158210,129
7,2,158365,184
7,2,157295,103
7,2,157763,146
7,2,159497,149
7,2,158619,144
7,2,160301,141
7,2,161538,131
7,2,158766,209
7,2,159360,40
7,2,161791,130
7,2,158017,165
7,2,158239,101
7,2,158832,155
7,2,159334,127
7,2,160221,228
7,2,160781,62
7,2,166796,173
7,2,165359,149
7,2,160965,85
7,2,158706,94
7,2,158189,242
7,2,159738,191
7,2,158481,201
7,2,161242,122
7,2,162833,177
7,2,161148,202
7,2,162720,114
7,2,160271,43
7,2,159724,221
7,2,162682,102
7,2,175868,149
7,2,170858,63
7,2,175861,152
7,2,160000,274
7,2,160005,196
7,2,170359,56
7,2,158309,110
7,2,162388,182
7,2,165987,82
7,2,163368,196
7,2,162168,159
7,2,162800,106
7,2,164302,214
7,2,160198,163
7,2,164919,169
7,2,164958,156
7,2,165916,162
7,2,162337,141
7,2,164363,45
7,2,164544,197
7,2,160498,85
7,2,161974,246
7,2,162957,95
7,2,163043,179
7,2,160574,84
7,2,165814,131
7,2,161163,179
7,2,165155,107
7,2,164426,180
7,2,160518,103
7,2,159815,135
7,2,164850,134
7,2,162364,133
7,2,160988,192
7,2,160820,122
7,2,163652,210
7,2,166968,254
7,2,163311,98
7,2,165115,191
7,2,163633,213
7,2,166536,131
7,2,183562,93
7,2,168120,168
7,2,164337,121
7,2,163980,168
7,2,169020,124
7,2,164899,219
7,2,160261,180
7,2,161635,239
7,2,170985,147
7,3,166953,539
7,3,162266,1101
7,3,163950,395
7,3,160042,2339
7,3,162240,191
7,3,163753,2397
7,3,164774,850
7,3,165441,3393
7,3,160294,2845
7,3,164200,2342
7,3,161790,2029
7,3,158872,1294
7,3,160645,743
7,3,160233,3164
7,3,161396,1914
7,3,161466,2850
7,3,168913,1220
7,3,161792,2009
7,3,162854,460
7,3,164042,1609
7,3,163789,3921
7,3,165397,2479
7,3,168517,2577
7,3,161839,2942
7,3,165619,4383
7,3,168255,1130
7,3,162012,1928
7,3,164021,4110
7,3,166767,3987
7,3,170816,3269
7,3,172787,3138
7,3,163548,1996
7,3,168303,1388
7,3,162946,2443
7,3,163419,1126
7,3,170220,2230
7,3,164487,824
7,3,165058,1715
7,3,164890,3400
7,3,158717,1131
7,3,160946,1208
7,3,160639,110
7,3,164312,2168
7,3,169483,420
7,3,167159,2087
7,3,165334,2231
7,3,165360,2522
7,3,164232,2222
7,3,163007,2830
7,3,161284,141
7,3,160124,2182
7,3,163643,2598
7,3,163102,1343
7,3,163541,1387
7,3,163095,3263
7,3,161247,616
7,3,161210,166
7,3,166248,2795
7,3,165355,3938
7,3,160693,2043
7,3,166056,1884
7,3,165713,2337
7,3,161772,1628
7,3,167170,3017
7,3,163693,2226
7,3,159965,1915
7,3,166707,1199
7,3,166642,1996
7,3,165012,2452
7,3,169114,179
7,3,166029,2403
7,3,162154,1585
7,3,160179,2067
7,3,159899,2808
7,3,161137,1617
7,3,160357,1924
7,3,160714,2443
7,3,166054,3343
7,3,164324,2220
7,3,160655,3525
7,3,160647,1319
7,3,160085,2216
7,3,164978,1332
7,3,165870,3542
7,3,164823,1758
7,3,166125,2094
7,3,166346,2413
7,3,166662,1440
7,3,165672,3440
7,3,162032,2599
7,3,165363,1461
7,3,164761,1498
7,3,163692,187
7,3,162279,584
7,3,160428,1542
7,3,172358,131
7,3,173218,1378
7,3,168353,2107
7,3,164093,2622
7,3,160389,2115
7,4,160675,16480
7,4,162952,33923
7,4,158377,3164
7,4,159618,40694
7,4,166714,17021
7,4,162222,31534
7,4,160671,29187
7,4,158921,17027
7,4,159119,46578
7,4,162994,43229
7,4,161052,51840
7,4,160013,15869
7,4,161182,45674
7,4,166390,32101
7,4,161646,51629
7,4,159741,17833
7,4,160008,14004
7,4,158816,41212
7,4,160453,31604
7,4,159610,47524
7,4,159881,39395
7,4,161540,13428
7,4,158569,22953
7,4,159829,30672
7,4,160285,27779
7,4,160144,33682
7,4,158740,36777
7,4,160135,14262
7,4,159520,51476
7,4,159766,18672
7,4,161787,47421
7,4,159946,16805
7,4,160501,65247
7,4,165216,30575
7,4,160246,40287
7,4,160981,28391
7,4,160332,38367
7,4,160869,14302
7,4,157776,2687
7,4,162049,20118
7,4,159614,22251
7,4,159165,7877
7,4,159548,23771
7,4,160525,14646
7,4,159691,15016
7,4,160472,2361
7,4,158956,29375
7,4,158625,28256
7,4,163643,33690
7,4,158957,35167
7,4,159244,67212
7,4,161031,19893
7,4,160204,23662
7,4,159200,32323
7,4,159337,27626
7,4,159244,34065
7,4,161865,24321
7,4,160035,20200
7,4,160241,45758
7,4,159774,12388
7,4,159614,58328
7,4,160185,40843
7,4,160479,22721
7,4,163196,58421
7,4,162232,15490
7,4,163317,18832
7,4,155403,17131
7,4,160089,58296
7,4,159557,12341
7,4,167904,51433
7,4,160519,37342
7,4,161009,25659
7,4,159677,48525
7,4,164107,35406
7,4,165011,15036
7,4,160034,36931
7,4,160086,23527
7,4,159686,34444
7,4,160733,66392
7,4,161470,9359
7,4,159993,8361
7,4,160238,49770
7,4,160949,32073
7,4,165332,26465
7,4,162892,38641
7,4,161809,52458
7,4,160466,45818
7,4,160816,16453
7,4,158962,27141
7,4,162543,47212
7,4,163509,2628
7,4,159671,15123
7,4,163448,1418
7,4,158979,2300
7,4,165696,2824
7,4,166523,21384
7,4,166707,19483
7,4,161484,6583
7,4,160308,16909
7,4,161776,11104
7,5,174461,650767
7,5,180907,43399
7,5,163508,119047
7,5,168864,621218
7,5,176743,490527
7,5,178508,642661
7,5,174507,955086
7,5,171642,214516
7,5,172482,734670
7,5,179228,627568
7,5,178147,42451
7,5,164468,506225
7,5,170992,23013
7,5,165749,788833
7,5,178837,747129
7,5,177958,42548
7,5,175419,337604
7,5,180228,66875
7,5,166015,108862
7,5,177976,42194
7,5,165200,183928
7,5,173717,508736
7,5,178741,217547
7,5,182757,43521
7,5,164722,319145
7,5,173353,531367
7,5,177860,272159
7,5,181735,39483
7,5,165821,135198
7,5,182857,445833
7,5,179822,406236
7,5,172955,385188
7,5,196373,485354
7,5,178913,511253
7,5,174519,28526
7,5,182575,191932
7,5,177028,670271
7,5,192850,382174
7,5,219438,346012
7,5,200122,873498
7,5,175791,532783
7,5,192688,523774
7,5,180810,440466
7,5,213419,567024
7,5,182159,234274
7,5,191880,571704
7,5,188175,42090
7,5,169773,345452
7,5,191545,977226
7,5,174979,194060
7,5,176426,610772
7,5,183020,995607
7,5,177712,630787
7,5,187173,76201
7,5,177960,513034
7,5,176547,783191
7,5,176174,810478
7,5,173561,21793
7,5,162302,379146
7,5,175035,950903
7,5,176254,943905
7,5,176937,408203
7,5,171709,267166
7,5,178154,511675
7,5,175194,888349
7,5,190184,711640
7,5,174409,276488
7,5,174194,468515
7,5,174305,491666
7,5,173746,482855
7,5,178356,753062
7,5,174051,784941
7,5,174267,983854
7,5,176924,517435
7,5,220454,488807
7,5,179794,453044
7,5,178552,260489
7,5,178419,509510
7,5,178346,219117
7,5,177054,430894
7,5,179956,544824
7,5,175579,548421
7,5,175925,414532
7,5,174256,493043
7,5,179581,315903
7,5,178740,548851
7,5,175898,252005
7,5,177009,211911
7,5,177898,352512
7,5,175060,41714
7,5,164581,742688
7,5,174199,22366
7,5,161856,387695
7,5,176118,41607
7,5,163108,465898
7,5,174380,364256
7,5,176613,469389
7,5,174047,75181
7,5,162802,698039
7,5,172519,565871
7,6,175898,977915
7,6,168180,894359
7,6,175379,888676
7,6,174687,643492
7,6,175649,550309
7,6,177907,157724
7,6,196663,326541
7,6,172213,394891
7,6,176057,608272
7,6,167810,245139
7,6,180910,114642
7,6,175276,118616
7,6,174338,600319
7,6,173349,613569
7,6,177357,249237
7,6,174389,268153
7,6,173981,226464
7,6,174301,961005
7,6,176618,929181
7,6,173857,260869
7,6,175269,633601
7,6,175442,889177
7,6,174211,14189
7,6,178447,564493
7,6,170882,201449
7,6,174256,128220
7,6,173869,258163
7,6,175940,6624
7,6,175002,398178
7,6,173621,137978
7,6,175740,178780
7,6,179198,459452
7,6,176098,806741
7,6,173983,761307
7,6,174920,514608
7,6,171499,822486
7,6,175263,832883
7,6,173314,359009
7,6,177068,785880
7,6,177642,330987
7,6,175039,556535
7,6,173380,368305
7,6,173785,491189
7,6,175781,724484
7,6,175603,48137
7,6,171373,967151
7,6,183802,558613
7,6,190860,621316
7,6,177844,832813
7,6,180204,345539
7,6,180142,314999
7,6,179178,623478
7,6,173123,637780
7,6,176780,940430
7,6,172007,836214
7,6,175592,618857
7,6,173969,70230
7,6,175143,391790
7,6,173405,798529
7,6,172785,524054
7,6,173684,703566
7,6,172708,194000
7,6,175054,901693
7,6,173541,613083
7,6,175261,948066
7,6,174327,180155
7,6,175048,112995
7,6,173263,631077
7,6,170641,252546
7,6,173392,812240
7,6,173322,155264
7,6,176125,558429
7,6,175261,664036
7,6,174491,474145
7,6,177094,656363
7,6,174178,115003
7,6,174124,914598
7,6,176547,881558
7,6,170973,319317
7,6,171247,486809
7,6,173488,973138
7,6,174129,716960
7,6,178943,879856
7,6,173644,357891
7,6,177247,434960
7,6,170512,249998
7,6,172334,848813
7,6,174165,109333
7,6,173691,959248
7,6,173665,527930
7,6,172624,579559
7,6,174775,363397
7,6,171456,315469
7,6,177628,975469
7,6,172927,265061
7,6,171830,811610
7,6,173494,595634
7,6,172522,264990
7,6,175084,663159
7,6,174780,873769
8,1,197096,27
8,1,190116,26
8,1,186924,33
8,1,186481,25
8,1,186999,29
8,1,187162,29
8,1,186858,30
8,1,187250,26
8,1,186873,22
8,1,189229,25
8,1,186663,29
8,1,187247,30
8,1,186610,24
8,1,187222,33
8,1,186282,21
8,1,187150,30
8,1,189464,28
8,1,187332,27
8,1,186879,29
8,1,186928,24
8,1,186181,24
8,1,187508,22
8,1,187082,33
8,1,186330,23
8,1,190056,27
8,1,187437,27
8,1,187377,25
8,1,187581,25
8,1,187404,25
8,1,186702,30
8,1,187628,27
8,1,187520,20
8,1,190731,31
8,1,187248,20
8,1,186507,25
8,1,187753,28
8,1,187368,32
8,1,187173,31
8,1,188833,31
8,1,190473,22
8,1,188574,30
8,1,187457,24
8,1,186293,22
8,1,187605,22
8,1,188031,21
8,1,187232,22
8,1,187995,19
8,1,190132,31
8,1,187211,30
8,1,186004,23
8,1,188045,31
8,1,187993,31
8,1,187239,29
8,1,187350,28
8,1,187239,22
8,1,189187,25
8,1,187774,31
8,1,187426,32
8,1,187696,27
8,1,187965,19
8,1,186765,23
8,1,187868,26
8,1,187415,29
8,1,183981,27
8,1,184460,28
8,1,187484,28
8,1,187438,29
8,1,185644,28
8,1,185171,26
8,1,188181,25
8,1,191609,23
8,1,187879,26
8,1,187471,22
8,1,187382,23
8,1,187792,23
8,1,187334,24
8,1,188015,30
8,1,190723,28
8,1,186591,26
8,1,182792,24
8,1,183122,22
8,1,184085,28
8,1,183661,29
8,1,182931,26
8,1,184071,24
8,1,186153,25
8,1,183946,29
8,1,183786,29
8,1,183831,27
8,1,188590,33
8,1,188064,22
8,1,188037,26
8,1,187447,27
8,1,190145,25
8,1,186938,26
8,1,186203,24
8,1,187644,23
8,1,186295,22
8,1,186055,34
8,1,186896,30
8,2,189462,123
8,2,187252,73
8,2,187265,147
8,2,187192,193
8,2,187736,177
8,2,186757,160
8,2,187215,114
8,2,187052,216
8,2,189222,102
8,2,186416,260
8,2,186913,146
8,2,186524,196
8,2,186885,181
8,2,187104,192
8,2,186880,187
8,2,186705,186
8,2,189966,176
8,2,185985,110
8,2,187977,112
8,2,185567,130
8,2,185612,179
8,2,187707,97
8,2,209726,152
8,2,192174,232
8,2,188333,269
8,2,204862,121
8,2,187321,164
8,2,189686,170
8,2,194379,234
8,2,185754,203
8,2,186877,122
8,2,188464,184
8,2,187589,89
8,2,186599,192
8,2,187256,163
8,2,187144,157
8,2,186837,115
8,2,187544,163
8,2,186684,186
8,2,188971,158
8,2,185848,217
8,2,187406,127
8,2,186646,56
8,2,186909,153
8,2,186891,309
8,2,187567,95
8,2,190438,258
8,2,186846,157
8,2,186995,139
8,2,195109,97
8,2,185345,118
8,2,190563,177
8,2,187242,324
8,2,185757,216
8,2,187363,246
8,2,184324,164
8,2,185446,175
8,2,187785,185
8,2,184730,262
8,2,183848,185
8,2,186877,236
8,2,190201,183
8,2,187003,198
8,2,186799,158
8,2,185697,157
8,2,187892,247
8,2,186339,103
8,2,184365,75
8,2,182816,135
8,2,186283,213
8,2,183394,239
8,2,183412,231
8,2,183141,223
8,2,183495,215
8,2,195279,89
8,2,188645,185
8,2,189328,92
8,2,189281,181
8,2,186456,260
8,2,186948,180
8,2,186986,233
8,2,188450,89
8,2,188837,276
8,2,187187,92
8,2,189940,195
8,2,187528,212
8,2,187358,174
8,2,205950,166
8,2,187741,169
8,2,188078,211
8,2,187870,102
8,2,187947,162
8,2,190684,97
8,2,185895,95
8,2,183060,254
8,2,182877,212
8,2,184237,193
8,2,181753,213
8,2,182797,233
8,2,184359,167
8,3,186716,5603
8,3,182145,4884
8,3,185001,2439
8,3,184466,2417
8,3,184225,4490
8,3,184998,2975
8,3,183470,4587
8,3,186600,3467
8,3,184074,1376
8,3,182641,3649
8,3,185005,3098
8,3,184571,1462
8,3,185321,3984
8,3,188340,4765
8,3,188858,2915
8,3,192647,1189
8,3,187843,4790
8,3,187099,3436
8,3,186371,3188
8,3,186693,2263
8,3,187253,2417
8,3,187082,2162
8,3,189988,2795
8,3,187128,362
8,3,202179,4195
8,3,187527,4676
8,3,187815,5528
8,3,187602,1096
8,3,186861,4988
8,3,187655,2614
8,3,191365,964
8,3,189379,2728
8,3,183327,2891
8,3,188545,5321
8,3,184919,3749
8,3,189253,2283
8,3,196631,2558
8,3,185345,235
8,3,189746,3073
8,3,186253,2580
8,3,186807,1832
8,3,185671,2522
8,3,186235,3729
8,3,187736,2867
8,3,187815,2397
8,3,193696,3162
8,3,186136,1675
8,3,184642,3256
8,3,186787,434
8,3,186647,3081
8,3,186598,4198
8,3,186547,4323
8,3,187026,2004
8,3,190262,243
8,3,185608,299
8,3,186168,1723
8,3,185015,1375
8,3,187709,3080
8,3,187143,3847
8,3,187078,1836
8,3,187853,554
8,3,188438,4460
8,3,186430,3649
8,3,185539,3016
8,3,186414,1427
8,3,187077,2429
8,3,186665,2006
8,3,186780,2789
8,3,187367,3948
8,3,184444,4432
8,3,186089,1506
8,3,185223,4794
8,3,186161,1899
8,3,186038,1332
8,3,186063,3060
8,3,186771,3436
8,3,186498,3074
8,3,185200,2000
8,3,184941,2997
8,3,185057,237
8,3,183669,1606
8,3,184975,1992
8,3,186052,3520
8,3,188735,3039
8,3,184701,3127
8,3,185839,2568
8,3,186095,1790
8,3,187090,2699
8,3,186603,1492
8,3,184619,4879
8,3,185515,2939
8,3,188054,5274
8,3,184632,3287
8,3,186643,5344
8,3,186011,2827
8,3,186775,231
8,3,186591,2423
8,3,186272,2322
8,3,185879,439
8,3,188806,3837
8,4,184399,71903
8,4,185465,38176
8,4,184948,19122
8,4,186202,66012
8,4,185333,60879
8,4,186099,54632
8,4,189882,30341
8,4,185936,4451
8,4,183580,9376
8,4,184250,64260
8,4,184826,68400
8,4,186156,25800
8,4,186504,89133
8,4,187152,58735
8,4,188580,106061
8,4,189289,3851
8,4,187887,105047
8,4,189198,5383
8,4,186125,18991
8,4,188134,6475
8,4,186490,45877
8,4,191617,50314
8,4,188909,62945
8,4,185675,57317
8,4,188362,265
8,4,180813,68641
8,4,180113,72439
8,4,181436,57032
8,4,181449,28171
8,4,184554,93692
8,4,182941,63519
8,4,182026,40357
8,4,180570,36210
8,4,182552,33094
8,4,181220,45072
8,4,181049,71583
8,4,180821,3962
8,4,185738,4359
8,4,181751,42201
8,4,182153,59441
8,4,184716,32841
8,4,187572,53514
8,4,186862,58394
8,4,188987,22626
8,4,188127,27110
8,4,188099,41998
8,4,187440,43586
8,4,186214,25739
8,4,187429,31551
8,4,189458,37310
8,4,186397,57684
8,4,188938,24458
8,4,187212,3857
8,4,179721,67870
8,4,184919,39399
8,4,187891,70277
8,4,186271,79617
8,4,186794,85312
8,4,185643,5844
8,4,187205,29479
8,4,185044,78865
8,4,184226,21481
8,4,182313,25599
8,4,185496,41745
8,4,185254,100660
8,4,185735,51630
8,4,183810,28236
8,4,186988,30711
8,4,185418,71766
8,4,183114,49206
8,4,185263,82045
8,4,185361,29220
8,4,184386,21336
8,4,183932,52106
8,4,183432,2699
8,4,185678,52796
8,4,184402,5486
8,4,185163,33494
8,4,185327,67764
8,4,184127,18714
8,4,183104,67965
8,4,183376,3857
8,4,185252,59786
8,4,183350,35184
8,4,184596,54130
8,4,183236,22047
8,4,182258,77010
8,4,182755,46066
8,4,182865,21732
8,4,183646,53469
8,4,187902,18491
8,4,183350,69315
8,4,183442,53047
8,4,182929,42256
8,4,184538,65397
8,4,182157,63237
8,4,182667,81228
8,4,184551,50669
8,4,187040,11237
8,4,182420,18873
8,5,182393,941631
8,5,196620,646231
8,5,195798,471909
8,5,196920,406794
8,5,201353,376175
8,5,198998,72453
8,5,200145,38688
8,5,186432,369882
8,5,199183,675793
8,5,202934,156936
8,5,198859,585136
8,5,199265,957717
8,5,194222,759566
8,5,198706,292475
8,5,199383,945393
8,5,198953,399679
8,5,201845,598122
8,5,199270,807159
8,5,202044,94900
8,5,196228,337381
8,5,200992,39408
8,5,184042,209805
8,5,197341,644598
8,5,194354,181477
8,5,195618,804040
8,5,194391,66662
8,5,186282,684820
8,5,203977,745373
8,5,201089,611971
8,5,198266,29718
8,5,200580,815703
8,5,198223,920802
8,5,199479,92374
8,5,195398,785180
8,5,195281,175150
8,5,195113,313729
8,5,195512,330903
8,5,199136,288186
8,5,195965,849882
8,5,196204,727584
8,5,195922,969555
8,5,195444,531497
8,5,197177,31734
8,5,201872,999569
8,5,193931,337991
8,5,199809,660108
8,5,194552,633523
8,5,198136,824343
8,5,198655,225547
8,5,200750,510902
8,5,196048,92586
8,5,202942,696182
8,5,196137,95917
8,5,200600,70144
8,5,185317,266099
8,5,197488,422058
8,5,197929,94112
8,5,196912,256224
8,5,201790,269345
8,5,196575,79140
8,5,197167,604366
8,5,197503,816420
8,5,195585,990400
8,5,198779,346239
8,5,196927,934959
8,5,194781,529398
8,5,201133,71146
8,5,186850,860372
8,5,200296,828874
8,5,198185,262710
8,5,197542,201215
8,5,198307,38082
8,5,194346,196183
8,5,197491,82760
8,5,196635,281975
8,5,196361,70413
8,5,185332,69767
8,5,195999,478290
8,5,196113,559067
8,5,196693,270561
8,5,198461,393587
8,5,199049,831596
8,5,197494,127388
8,5,196373,545979
8,5,198062,440070
8,5,197590,597668
8,5,197403,847482
8,5,196617,274540
8,5,196423,428653
8,5,201752,472354
8,5,198073,388325
8,5,196793,73110
8,5,186842,883624
8,5,199456,625057
8,5,195904,58893
8,5,198001,33512
8,5,201974,278737
8,5,195981,537018
8,5,197508,150114
8,5,198814,981640
8,6,196707,142860
8,6,197845,235120
8,6,198478,475412
8,6,200259,209306
8,6,198597,11492
8,6,195135,279610
8,6,198669,49336
8,6,197659,522707
8,6,193046,182301
8,6,198579,775048
8,6,196707,98578
8,6,205035,109516
8,6,199867,411844
8,6,195719,400506
8,6,202326,194529
8,6,197907,647659
8,6,195454,825020
8,6,198588,574784
8,6,197889,550054
8,6,201690,551676
8,6,196093,801190
8,6,198876,301796
8,6,200469,277327
8,6,197658,328901
8,6,197723,224827
8,6,198188,512536
8,6,195481,703928
8,6,199038,60904
8,6,200696,456658
8,6,199730,588229
8,6,197758,714301
8,6,198252,702574
8,6,199246,260977
8,6,198149,201291
8,6,201551,639915
8,6,198609,211452
8,6,201087,239300
8,6,198443,776004
8,6,193891,870033
8,6,196846,226987
8,6,197267,578597
8,6,196756,956980
8,6,197314,713977
8,6,197610,103279
8,6,194445,982938
8,6,195758,298540
8,6,195910,189186
8,6,194687,268582
8,6,196937,82679
8,6,197314,503567
8,6,199492,128847
8,6,195333,393972
8,6,195442,971794
8,6,197372,243950
8,6,199285,681205
8,6,196518,983736
8,6,194449,187252
8,6,199396,129459
8,6,197145,881507
8,6,196045,46177
8,6,196678,289142
8,6,195940,454657
8,6,199117,831797
8,6,197345,790705
8,6,195959,198228
8,6,197086,156423
8,6,196949,638368
8,6,197336,996618
8,6,195537,610818
8,6,195171,467962
8,6,199475,972049
8,6,197141,602074
8,6,200003,110087
8,6,195897,308239
8,6,195330,400011
8,6,195791,870459
8,6,197293,373204
8,6,195074,505698
8,6,194609,263035
8,6,196980,451996
8,6,201083,292286
8,6,197872,104870
8,6,196585,829521
8,6,196766,890951
8,6,194977,826545
8,6,198269,690086
8,6,196282,197579
8,6,196931,209002
8,6,194488,465689
8,6,194219,850518
8,6,200096,975024
8,6,197241,710220
8,6,198040,755048
8,6,195336,938917
8,6,194507,329538
8,6,199379,435824
8,6,193269,941918
8,6,195659,545716
8,6,192545,884474
8,6,193166,637512
8,7,195041,753067
8,7,195138,119661
8,7,195659,315899
8,7,199718,77775
8,7,198974,78514
8,7,195227,307128
8,7,194247,198064
8,7,197690,742563
8,7,195930,15979
8,7,196318,893556
8,7,196106,670094
8,7,195914,143146
8,7,194071,602692
8,7,194807,100044
8,7,196765,297025
8,7,197847,1163
8,7,197578,654054
8,7,192711,725584
8,7,199777,296144
8,7,194964,345327
8,7,194515,247638
8,7,195732,705100
8,7,194239,589987
8,7,197854,699665
8,7,195421,177526
8,7,197819,963251
8,7,194200,504317
8,7,197168,534461
8,7,196576,949294
8,7,196654,748928
8,7,195782,889918
8,7,195396,812854
8,7,195313,674485
8,7,199089,696937
8,7,193189,661821
8,7,195343,7870
8,7,194274,347448
8,7,198311,66152
8,7,195221,501023
8,7,196073,449378
8,7,195497,10486
8,7,195804,617556
8,7,194598,214575
8,7,196222,12516
8,7,195327,856927
8,7,197182,117431
8,7,195045,713930
8,7,196397,488330
8,7,199911,836466
8,7,195369,321742
8,7,188250,895635
8,7,196919,222124
8,7,195847,122035
8,7,197806,361291
8,7,194278,695457
8,7,194653,845226
8,7,197212,741410
8,7,194576,722226
8,7,194869,338536
8,7,197497,668508
8,7,197644,889642
8,7,195207,117436
8,7,198579,886838
8,7,197660,354103
8,7,195227,648918
8,7,195074,820010
8,7,194315,35403
8,7,193323,454967
8,7,194850,593761
8,7,194337,976655
8,7,193459,142079
8,7,196950,186926
8,7,195436,927037
8,7,193102,390952
8,7,194835,249067
8,7,196581,513637
8,7,193261,356491
8,7,195361,448201
8,7,195059,765728
8,7,196075,514209
8,7,195127,238759
8,7,195524,196710
8,7,195124,256788
8,7,198346,141905
8,7,198184,214945
8,7,194460,528525
8,7,197037,155336
8,7,195300,1814
8,7,193462,981398
8,7,194615,253298
8,7,193041,344821
8,7,195085,691308
8,7,196608,538703
8,7,197873,689662
8,7,196420,817541
8,7,195593,6474
8,7,191663,366974
8,7,195941,798409
8,7,194437,970915
8,7,197829,877548
9,1,217787,30
9,1,210908,23
9,1,208050,33
9,1,209205,33
9,1,209053,24
9,1,209124,28
9,1,208895,31
9,1,208842,25
9,1,211114,30
9,1,209039,30
9,1,208029,35
9,1,208668,26
9,1,208612,24
9,1,207848,25
9,1,211230,35
9,1,207725,25
9,1,207658,27
9,1,207468,30
9,1,208814,37
9,1,208725,32
9,1,208636,34
9,1,210410,26
9,1,208325,22
9,1,209151,31
9,1,208752,20
9,1,208559,25
9,1,208930,30
9,1,208434,24
9,1,211035,22
9,1,209016,26
9,1,209225,29
9,1,208862,26
9,1,207906,33
9,1,208340,32
9,1,208637,21
9,1,211475,33
9,1,209174,28
9,1,208808,30
9,1,209431,33
9,1,208407,29
9,1,208893,33
9,1,211232,32
9,1,208886,31
9,1,208600,27
9,1,208877,25
9,1,209258,28
9,1,209474,28
9,1,209566,27
9,1,209632,36
9,1,208694,19
9,1,208652,34
9,1,208404,32
9,1,208212,31
9,1,209395,31
9,1,208813,30
9,1,211663,32
9,1,209212,30
9,1,209353,25
9,1,208360,36
9,1,207647,32
9,1,208939,24
9,1,209007,34
9,1,212128,32
9,1,208771,27
9,1,208931,33
9,1,209389,22
9,1,209563,28
9,1,207086,23
9,1,210973,24
9,1,208440,34
9,1,208341,25
9,1,209372,29
9,1,208279,28
9,1,209024,31
9,1,208648,24
9,1,211466,27
9,1,208209,36
9,1,208577,30
9,1,208786,25
9,1,208935,30
9,1,208125,35
9,1,209063,29
9,1,211981,31
9,1,208885,30
9,1,208494,26
9,1,209147,28
9,1,208014,32
9,1,207630,33
9,1,208781,26
9,1,211395,26
9,1,208623,30
9,1,209042,31
9,1,208392,31
9,1,208791,36
9,1,209468,35
9,1,211230,33
9,1,208534,22
9,1,208689,21
9,1,208237,23
9,1,209188,33
9,2,208734,302
9,2,208545,87
9,2,211157,77
9,2,209397,195
9,2,208887,295
9,2,209636,173
9,2,208020,337
9,2,208663,128
9,2,208297,36
9,2,211186,197
9,2,208778,74
9,2,208538,113
9,2,209005,196
9,2,209169,228
9,2,208188,256
9,2,211004,156
9,2,208584,215
9,2,208419,70
9,2,208547,291
9,2,208842,158
9,2,208228,150
9,2,208732,155
9,2,211811,241
9,2,208269,298
9,2,208395,262
9,2,208644,266
9,2,208599,228
9,2,209191,229
9,2,208330,222
9,2,210835,380
9,2,207712,168
9,2,208251,50
9,2,208997,128
9,2,208305,228
9,2,208591,75
9,2,208002,164
9,2,211557,307
9,2,209232,112
9,2,208186,291
9,2,207633,246
9,2,207722,194
9,2,209148,281
9,2,209891,160
9,2,209114,227
9,2,208696,186
9,2,208064,201
9,2,209122,288
9,2,208019,229
9,2,208086,302
9,2,211090,160
9,2,208879,222
9,2,209559,341
9,2,208836,296
9,2,209168,283
9,2,208899,56
9,2,208364,322
9,2,210571,162
9,2,208913,365
9,2,208584,32
9,2,208863,94
9,2,208837,377
9,2,208347,158
9,2,211146,153
9,2,208760,195
9,2,209774,195
9,2,210355,81
9,2,208439,398
9,2,209153,320
9,2,209026,362
9,2,210216,28
9,2,208914,294
9,2,208321,153
9,2,208557,138
9,2,208459,345
9,2,208280,91
9,2,209282,275
9,2,211225,302
9,2,208789,198
9,2,207965,307
9,2,209349,305
9,2,208515,168
9,2,208717,236
9,2,208902,243
9,2,210891,282
9,2,207588,146
9,2,208496,224
9,2,209233,157
9,2,207628,289
9,2,209008,236
9,2,210880,218
9,2,209204,258
9,2,208785,200
9,2,208812,283
9,2,207817,291
9,2,208005,190
9,2,208867,320
9,2,211143,242
9,2,208625,368
9,2,209650,389
9,2,208417,258
9,3,209085,7199
9,3,209358,2783
9,3,208264,4127
9,3,211352,1723
9,3,208015,5253
9,3,208620,2890
9,3,207913,1306
9,3,208885,4854
9,3,210946,3720
9,3,207865,3905
9,3,211033,4746
9,3,207113,5155
9,3,209106,6725
9,3,208812,5526
9,3,209454,1050
9,3,209221,578
9,3,211320,4985
9,3,209876,6642
9,3,208766,7079
9,3,208236,2342
9,3,208816,1612
9,3,208608,2700
9,3,208942,4204
9,3,210709,5164
9,3,208564,4359
9,3,208989,2594
9,3,208549,6119
9,3,209349,3756
9,3,208633,3949
9,3,208873,7167
9,3,211102,261
9,3,209471,7470
9,3,208412,5348
9,3,208744,4270
9,3,208300,4238
9,3,208163,2062
9,3,211203,1841
9,3,208284,1492
9,3,208969,5903
9,3,210078,6256
9,3,209060,2377
9,3,209389,6344
9,3,209150,4217
9,3,211223,4503
9,3,208228,1996
9,3,209355,3055
9,3,209612,2155
9,3,209020,4908
9,3,209498,1416
9,3,208295,5255
9,3,209655,4330
9,3,208362,2433
9,3,208857,5005
9,3,208837,7157
9,3,208860,5224
9,3,208352,6036
9,3,208977,1580
9,3,210888,4532
9,3,208808,5277
9,3,209123,4184
9,3,208152,2519
9,3,208427,1782
9,3,208543,6074
9,3,211065,7603
9,3,209767,5130
9,3,208291,5395
9,3,207757,3310
9,3,208585,7712
9,3,209031,5386
9,3,207936,7214
9,3,211145,1451
9,3,208796,4823
9,3,208652,2358
9,3,208780,4287
9,3,207751,7292
9,3,208496,3844
9,3,208441,2032
9,3,209773,5615
9,3,208027,5039
9,3,208926,5777
9,3,208619,6768
9,3,208806,3650
9,3,208360,4040
9,3,211815,286
9,3,208477,1630
9,3,208962,886
9,3,206707,7312
9,3,208753,1421
9,3,208847,4274
9,3,208655,7700
9,3,211017,4502
9,3,208262,4786
9,3,208821,3804
9,3,208656,1446
9,3,209441,4602
9,3,208881,4731
9,3,208328,5707
9,3,210996,4814
9,3,208798,4542
9,3,208611,4692
9,4,209235,93417
9,4,209188,147871
9,4,217228,33700
9,4,207792,38461
9,4,209772,152688
9,4,219519,81586
9,4,207972,135868
9,4,220111,114000
9,4,219743,121375
9,4,220226,72141
9,4,215895,25155
9,4,208389,74495
9,4,220533,127352
9,4,218651,6670
9,4,209385,52237
9,4,208576,81546
9,4,213847,14750
9,4,211161,40966
9,4,209083,156809
9,4,215219,156530
9,4,218698,108653
9,4,219991,66827
9,4,212160,34906
9,4,208164,109780
9,4,213423,96467
9,4,217717,5107
9,4,208379,21362
9,4,208586,17408
9,4,209028,91498
9,4,208645,25180
9,4,211096,174847
9,4,217702,54454
9,4,207687,116554
9,4,220007,62310
9,4,208567,104403
9,4,219856,113721
9,4,219945,19307
9,4,211032,162303
9,4,215147,124247
9,4,219930,94456
9,4,213896,62315
9,4,209256,146398
9,4,218272,128571
9,4,218026,51884
9,4,211492,146350
9,4,219040,4297
9,4,208644,26370
9,4,209343,124323
9,4,209544,7988
9,4,208447,39660
9,4,210774,96385
9,4,218791,98622
9,4,208537,65073
9,4,209837,61853
9,4,212101,6460
9,4,209045,145645
9,4,218806,18659
9,4,211547,56781
9,4,209035,76674
9,4,219985,132798
9,4,220406,84233
9,4,219027,136411
9,4,221077,125387
9,4,220181,104791
9,4,219535,102402
9,4,219224,6256
9,4,209031,19455
9,4,208502,129894
9,4,208898,7104
9,4,209415,118653
9,4,219789,142989
9,4,219682,82369
9,4,213376,121570
9,4,220591,131432
9,4,219460,108378
9,4,220897,47678
9,4,209215,70402
9,4,211361,78431
9,4,218442,50519
9,4,210201,46897
9,4,208518,33570
9,4,209412,104587
9,4,221874,148683
9,4,219169,124358
9,4,223359,145876
9,4,220486,72676
9,4,212778,53472
9,4,208375,61523
9,4,209781,26799
9,4,209492,146500
9,4,219634,143864
9,4,221567,96882
9,4,213690,162197
9,4,219864,95550
9,4,219215,18960
9,4,209301,65021
9,4,218870,78219
9,4,218457,79491
9,4,214997,78771
9,4,218486,92726
9,5,220518,349005
9,5,216244,326906
9,5,216142,842563
9,5,216892,995363
9,5,223076,829767
9,5,216514,41970
9,5,216573,109050
9,5,218883,465198
9,5,219135,311718
9,5,218973,893469
9,5,219274,667705
9,5,221001,198245
9,5,221596,417991
9,5,220280,288583
9,5,218423,920252
9,5,216751,67790
9,5,217729,575572
9,5,219933,762930
9,5,219115,574942
9,5,217862,913225
9,5,219731,588854
9,5,219126,57067
9,5,217768,675808
9,5,218428,451526
9,5,220406,441667
9,5,217683,901470
9,5,218913,374175
9,5,218391,548707
9,5,220389,28399
9,5,216237,352107
9,5,220296,372048
9,5,218859,593099
9,5,218189,107240
9,5,218042,110258
9,5,218844,423611
9,5,217241,576876
9,5,219818,109152
9,5,220913,808620
9,5,221931,377840
9,5,217477,917673
9,5,218775,151548
9,5,217169,13917
9,5,219740,978988
9,5,218417,674921
9,5,222303,532339
9,5,220407,884890
9,5,215620,706742
9,5,220803,720876
9,5,221036,125189
9,5,220190,233772
9,5,218536,666438
9,5,220261,797792
9,5,215532,543773
9,5,218301,585034
9,5,220389,633497
9,5,220376,467700
9,5,218262,816845
9,5,215644,969455
9,5,222645,211572
9,5,216231,820304
9,5,219157,584246
9,5,216489,691544
9,5,218029,526085
9,5,217299,499687
9,5,222494,678927
9,5,218369,649204
9,5,217503,556989
9,5,219214,889800
9,5,216984,585348
9,5,216326,410964
9,5,220792,859277
9,5,219324,79746
9,5,212445,305829
9,5,216474,83123
9,5,218354,832584
9,5,218908,891755
9,5,218980,847644
9,5,220166,635806
9,5,222165,400393
9,5,217487,686551
9,5,215562,662923
9,5,219307,811719
9,5,219054,342969
9,5,217878,869864
9,5,220376,868126
9,5,218258,821263
9,5,216155,113284
9,5,220437,23910
9,5,219622,574975
9,5,217392,705781
9,5,217701,946944
9,5,219767,850687
9,5,217971,407174
9,5,222144,740887
9,5,219040,29856
9,5,215477,83580
9,5,221195,404326
9,5,216877,113830
9,5,221530,953086
9,5,218290,191753
9,6,218437,250578
9,6,218373,514543
9,6,218859,409427
9,6,218565,92619
9,6,222772,344770
9,6,218887,113980
9,6,217708,330987
9,6,218599,820220
9,6,217747,471081
9,6,217003,808214
9,6,218054,76279
9,6,220406,961622
9,6,218295,18396
9,6,219561,6095
9,6,219807,783436
9,6,219932,363352
9,6,217588,527706
9,6,219330,865588
9,6,219479,193105
9,6,216368,763512
9,6,218630,100394
9,6,217223,352785
9,6,220492,626854
9,6,220809,820350
9,6,218854,820717
9,6,217068,507701
9,6,220204,664470
9,6,218793,379080
9,6,217443,114085
9,6,219330,84305
9,6,221861,280791
9,6,223500,171443
9,6,218394,234161
9,6,218719,93305
9,6,221314,733863
9,6,219527,99730
9,6,218577,714431
9,6,217078,848996
9,6,220087,755511
9,6,218962,978488
9,6,218707,850655
9,6,217017,941937
9,6,217376,598077
9,6,220280,820225
9,6,216721,750817
9,6,223087,159016
9,6,217895,398246
9,6,216336,495791
9,6,217911,222740
9,6,218543,71878
9,6,220136,931779
9,6,219342,257066
9,6,220723,187808
9,6,223990,34132
9,6,215313,556640
9,6,220638,587706
9,6,217717,656518
9,6,217415,246820
9,6,223469,665818
9,6,218733,777145
9,6,219553,107016
9,6,217297,682739
9,6,222524,585305
9,6,218980,429368
9,6,215807,595216
9,6,222257,205487
9,6,219615,370583
9,6,216537,601296
9,6,216743,416587
9,6,220524,420687
9,6,217762,626950
9,6,220775,678933
9,6,212915,26436
9,6,218299,143792
9,6,219087,609919
9,6,219006,201344
9,6,218129,103171
9,6,217631,102480
9,6,221098,33594
9,6,218814,867484
9,6,220900,735932
9,6,216226,426545
9,6,218193,584378
9,6,219458,272459
9,6,217217,991269
9,6,222791,625195
9,6,216292,379647
