group,pk,sk,exchange,attack,guesses,cardinality
S8,5,1,753.953,0.024,7,40320
S8,5,1,124.121,0.016,2,40320
S8,5,1,126.088,0.019,12,40320
S8,5,1,125.956,0.016,6,40320
S8,5,1,125.545,0.021,15,40320
S8,5,1,124.303,0.021,15,40320
S8,5,1,123.835,0.019,11,40320
S8,5,1,126.083,0.016,6,40320
S8,5,1,123.674,0.021,15,40320
S8,5,1,123.812,0.015,4,40320
S8,5,2,123.846,0.091,119,40320
S8,5,2,124.797,0.082,106,40320
S8,5,2,123.793,0.075,98,40320
S8,5,2,123.162,0.109,149,40320
S8,5,2,123.502,0.081,91,40320
S8,5,2,124.902,0.033,31,40320
S8,5,2,123.739,0.026,19,40320
S8,5,2,125.099,0.077,88,40320
S8,5,2,122.687,0.097,129,40320
S8,5,2,124.517,0.121,165,40320
S8,5,3,123.633,0.343,434,40320
S8,5,3,124.37,0.9,1161,40320
S8,5,3,123.868,0.289,366,40320
S8,5,3,125.329,0.227,287,40320
S8,5,3,123.401,0.869,1146,40320
S8,5,3,123.401,0.486,631,40320
S8,5,3,123.636,0.685,889,40320
S8,5,3,124.275,1.102,1461,40320
S8,5,3,122.695,0.1,116,40320
S8,5,3,122.598,0.854,1138,40320
S8,5,4,123.137,7.039,8378,40320
S8,5,4,285.69,11.151,13279,40320
S8,5,4,128.519,6.489,7691,40320
S8,5,4,125.074,6.001,7141,40320
S8,5,4,124.932,11.363,13484,40320
S8,5,4,123.568,0.531,627,40320
S8,5,4,130.821,5.508,6381,40320
S8,5,4,125.024,1.364,1615,40320
S8,5,4,125.747,4.721,5513,40320
S8,5,4,125.104,8.81,10349,40320
S8,5,5,147.51,40.325,43366,40320
S8,5,5,121.27,18.786,20028,40320
S8,5,5,120.188,41.995,45942,40320
S8,5,5,120.835,53.823,58593,40320
S8,5,5,120.368,29.918,33100,40320
S8,5,5,118.702,22.348,24113,40320
S8,5,5,118.449,53.427,57584,40320
S8,5,5,120.215,57.991,64513,40320
S8,5,5,118.986,104.315,115396,40320
S8,5,5,120.207,10.381,11346,40320
S8,5,6,122.697,9.383,9527,40320
S8,5,6,122.372,201.277,200325,40320
S8,5,6,140.161,70.681,69400,40320
S8,5,6,120.638,70.061,69891,40320
S8,5,6,119.784,40.749,41109,40320
S8,5,6,119.025,118.913,120253,40320
S8,5,6,121.239,65.364,66954,40320
S8,5,6,120.13,2.442,2371,40320
S8,5,6,122.164,11.207,11200,40320
S8,5,6,125.664,103.771,106114,40320
S8,5,7,119.756,225.54,211238,40320
S8,5,7,135.163,89.23,81105,40320
S8,5,7,120.457,111.951,102798,40320
S8,5,7,122.492,9.834,8850,40320
S8,5,7,123.79,831.124,763516,40320
S8,5,7,146.236,127.09,111070,40320
S8,5,7,122.435,117.393,108939,40320
S8,5,7,121.67,486.257,446435,40320
S8,5,7,136.285,154.329,140585,40320
S8,5,7,121.324,233.532,214146,40320
S16,5,1,188.407,0.019,8,20922789888000
S16,5,1,163.232,0.029,19,20922789888000
S16,5,1,165.761,0.024,10,20922789888000
S16,5,1,163.937,0.023,13,20922789888000
S16,5,1,165.386,0.022,12,20922789888000
S16,5,1,163.487,0.021,11,20922789888000
S16,5,1,164.28,0.023,12,20922789888000
S16,5,1,164.128,0.017,4,20922789888000
S16,5,1,164.161,0.022,7,20922789888000
S16,5,1,162.132,0.02,8,20922789888000
S16,5,2,163.097,0.137,159,20922789888000
S16,5,2,162.644,0.041,31,20922789888000
S16,5,2,162.46,0.133,144,20922789888000
S16,5,2,162.567,0.096,108,20922789888000
S16,5,2,162.831,0.094,100,20922789888000
S16,5,2,164.622,0.105,113,20922789888000
S16,5,2,162.662,0.103,117,20922789888000
S16,5,2,162.28,0.071,72,20922789888000
S16,5,2,163.421,0.038,26,20922789888000
S16,5,2,164.841,0.099,110,20922789888000
S16,5,3,164.894,0.672,723,20922789888000
S16,5,3,165.275,0.43,480,20922789888000
S16,5,3,165.325,1.277,1343,20922789888000
S16,5,3,165.616,1.262,1383,20922789888000
S16,5,3,164.939,0.239,261,20922789888000
S16,5,3,164.219,1.401,1515,20922789888000
S16,5,3,164.019,0.97,1041,20922789888000
S16,5,3,165.52,1.105,1217,20922789888000
S16,5,3,191.526,0.413,449,20922789888000
S16,5,3,164.812,0.502,532,20922789888000
S16,5,4,165.041,14.946,14744,20922789888000
S16,5,4,164.355,3.326,3182,20922789888000
S16,5,4,160.495,9.105,8776,20922789888000
S16,5,4,169.726,9.366,9279,20922789888000
S16,5,4,164.109,2.052,2019,20922789888000
S16,5,4,161.582,7.439,7485,20922789888000
S16,5,4,176.438,6.907,7021,20922789888000
S16,5,4,166.555,9.971,9849,20922789888000
S16,5,4,166.087,8.171,8014,20922789888000
S16,5,4,165.029,12.698,12228,20922789888000
S16,5,5,170.931,12.841,11381,20922789888000
S16,5,5,168.183,9.789,8563,20922789888000
S16,5,5,164.418,96.963,85017,20922789888000
S16,5,5,166.753,17.935,15773,20922789888000
S16,5,5,164.551,90.928,79682,20922789888000
S16,5,5,159.96,22.114,19298,20922789888000
S16,5,5,157.768,7.054,6271,20922789888000
S16,5,5,164.911,123.172,109811,20922789888000
S16,5,5,159.983,105.376,94714,20922789888000
S16,5,5,159.104,74.087,65313,20922789888000
S16,5,6,181.154,103.533,83468,20922789888000
S16,5,6,158.787,2016.518,1611218,20922789888000
S16,5,6,182.476,474.663,380697,20922789888000
S16,5,6,184.128,2346.054,1887105,20922789888000
S16,5,6,172.506,650.701,526936,20922789888000
S16,5,6,181.475,984.361,794420,20922789888000
S16,5,6,180.509,19.013,15368,20922789888000
S16,5,6,156.21,1107.659,903447,20922789888000
S16,5,6,175.308,1287.145,1058419,20922789888000
S16,5,6,176.15,648.54,535589,20922789888000
S16,5,7,184.736,5185.403,3835729,20922789888000
S16,5,7,177.931,841.026,625870,20922789888000
S16,5,7,176.359,5796.064,4421219,20922789888000
S16,5,7,176.282,22378.472,16854685,20922789888000
S16,5,7,184.384,3009.374,2246364,20922789888000
S16,5,7,172.28,11832.16,8904494,20922789888000
S16,5,7,175.687,2007.759,1497389,20922789888000
S16,5,7,176.71,9287.087,6924932,20922789888000
S16,5,7,173.726,715.506,536127,20922789888000
S16,5,7,175.869,5151.205,3864385,20922789888000
Braid2,5,1,11.752,2.864,2,+Infinity
Braid2,5,1,6.551,2.675,2,+Infinity
Braid2,5,1,6.259,2.995,2,+Infinity
Braid2,5,2,5.521,4.863,2,+Infinity
Braid2,5,2,5.75,2.685,2,+Infinity
Braid2,5,2,4.511,3.008,2,+Infinity
Braid2,5,3,4.545,2.691,2,+Infinity
Braid2,5,3,4.459,2.795,2,+Infinity
Braid2,5,3,4.747,2.588,2,+Infinity
Braid2,5,4,4.698,2.959,2,+Infinity
Braid2,5,4,4.879,2.678,2,+Infinity
Braid2,5,4,4.837,2.643,2,+Infinity
Braid2,5,5,5.594,2.893,2,+Infinity
Braid2,5,5,4.026,2.861,2,+Infinity
Braid2,5,5,6.5,2.882,2,+Infinity
Braid3,5,1,11.357,14.229,12,+Infinity
Braid3,5,1,4.886,15.325,10,+Infinity
Braid3,5,1,4.484,7.967,11,+Infinity
Braid3,5,2,5.597,266.431,146,+Infinity
Braid3,5,2,4.938,125.232,84,+Infinity
Braid3,5,2,4.606,133.015,111,+Infinity
Braid3,5,3,5.6,3925.777,1684,+Infinity
Braid3,5,3,5.139,463.099,242,+Infinity
Braid3,5,3,5.301,1265.831,580,+Infinity
Braid3,5,4,5.773,1049.216,416,+Infinity
Braid3,5,4,5.203,19073.589,4328,+Infinity
Braid3,5,4,5.753,32914.505,8789,+Infinity
Braid3,5,5,5.048,176469.839,38953,+Infinity
Braid3,5,5,5.492,152045.663,29730,+Infinity
Braid3,5,5,4.311,106934.433,23509,+Infinity
Braid3,5,1,12.041,10.589,7,+Infinity
Braid3,5,1,5.458,8.403,6,+Infinity
Braid3,5,1,5.082,9.494,6,+Infinity
Braid3,5,2,5.1,197.936,97,+Infinity
Braid3,5,2,5.031,111.957,76,+Infinity
Braid3,5,2,5.568,171.661,83,+Infinity
Braid3,5,3,30.082,1716.331,1007,+Infinity
Braid3,5,3,4.833,148.303,59,+Infinity
Braid3,5,3,5.376,4220.85,1148,+Infinity
Braid3,5,4,5.468,2035.425,673,+Infinity
Braid3,5,4,4.651,7642.289,4160,+Infinity
Braid3,5,4,5.669,58395.86,14530,+Infinity
Braid3,5,5,5.59,45748.738,7115,+Infinity
Braid3,5,5,4.999,22275.284,6027,+Infinity
Braid4,5,1,15.702,22.335,15,+Infinity
Braid4,5,1,8.891,36.415,16,+Infinity
Braid4,5,1,8.117,27.473,12,+Infinity
Braid4,5,2,8.877,598.683,136,+Infinity
Braid4,5,2,7.227,173.085,65,+Infinity
Braid4,5,2,6.829,147.236,76,+Infinity
Braid4,5,3,30.466,4051.485,710,+Infinity
Braid4,5,3,7.581,1785.835,369,+Infinity
Braid4,5,3,9.736,7024.665,826,+Infinity
Braid4,5,4,8.158,72827.781,8267,+Infinity
Braid4,5,4,7.468,67839.132,9622,+Infinity
Braid4,5,4,6.35,57904.741,12058,+Infinity
Braid4,5,5,9.255,367779.411,26524,+Infinity
Quaternion,5,1,918.658,0.017,3,8
Quaternion,5,1,196.06,0.015,6,8
Quaternion,5,1,255.47,0.011,2,8
Quaternion,5,2,353.048,0.014,4,8
Quaternion,5,2,184.346,0.015,6,8
Quaternion,5,2,274.878,0.017,7,8
Quaternion,5,3,139.156,0.018,5,8
Quaternion,5,3,386.746,0.017,6,8
Quaternion,5,3,138.82,0.013,3,8
Quaternion,5,4,487.599,0.015,4,8
Quaternion,5,4,328.489,0.018,6,8
Quaternion,5,4,127.616,0.019,6,8
Quaternion,5,5,243.877,0.017,6,8
Quaternion,5,5,370.513,0.022,9,8
Quaternion,5,5,219.336,0.019,5,8
Quaternion,5,1,756.407,0.019,5,8
Quaternion,5,1,423.937,0.014,5,8
Quaternion,5,1,242.372,0.016,7,8
Quaternion,5,1,205.546,0.014,5,8
Quaternion,5,1,469.107,0.015,6,8
Quaternion,5,1,319.465,0.012,2,8
Quaternion,5,1,243.028,0.017,4,8
Quaternion,5,1,253.454,0.013,3,8
Quaternion,5,1,258.28,0.019,4,8
Quaternion,5,1,266.62,0.013,4,8
Quaternion,5,1,452.206,0.015,6,8
Quaternion,5,1,423.7,0.014,5,8
Quaternion,5,1,394.752,0.013,3,8
Quaternion,5,1,223.097,0.016,4,8
Quaternion,5,1,208.409,0.014,5,8
Quaternion,5,1,276.477,0.015,6,8
Quaternion,5,1,191.471,0.014,4,8
Quaternion,5,1,389.624,0.015,6,8
Quaternion,5,1,544.351,0.015,6,8
Quaternion,5,1,280.525,0.013,3,8
Quaternion,5,1,310.496,0.015,6,8
Quaternion,5,1,352.256,0.018,7,8
Quaternion,5,1,184.141,0.016,6,8
Quaternion,5,1,421.174,0.012,3,8
Quaternion,5,1,276.504,0.014,5,8
Quaternion,5,1,387.502,0.017,8,8
Quaternion,5,1,412.103,0.013,4,8
Quaternion,5,1,366.655,0.016,6,8
Quaternion,5,1,346.945,0.014,4,8
Quaternion,5,1,420.119,0.014,4,8
Quaternion,5,1,333.079,0.012,3,8
Quaternion,5,1,219.738,0.013,4,8
Quaternion,5,1,318.271,0.014,4,8
Quaternion,5,1,501.698,0.015,6,8
Quaternion,5,1,168.875,0.015,6,8
Quaternion,5,1,411.824,0.014,6,8
Quaternion,5,1,152.083,0.012,2,8
Quaternion,5,1,463.679,0.012,2,8
Quaternion,5,1,321.099,0.017,7,8
Quaternion,5,1,225.145,0.013,4,8
Quaternion,5,1,225.275,0.013,3,8
Quaternion,5,1,141.171,0.015,7,8
Quaternion,5,1,273.77,0.012,3,8
Quaternion,5,1,255.298,0.015,7,8
Quaternion,5,1,197.172,0.015,5,8
Quaternion,5,1,174.282,0.012,2,8
Quaternion,5,1,266.935,0.015,5,8
Quaternion,5,1,190.871,0.013,3,8
Quaternion,5,1,175.056,0.016,7,8
Quaternion,5,1,337.748,0.014,5,8
Quaternion,5,2,493.437,0.012,2,8
Quaternion,5,2,809.376,0.017,6,8
Quaternion,5,2,186.27,0.016,6,8
Quaternion,5,2,389.714,0.013,3,8
Quaternion,5,2,235.867,0.013,4,8
Quaternion,5,2,341.081,0.016,6,8
Quaternion,5,2,353.385,0.016,7,8
Quaternion,5,2,195.041,0.016,5,8
Quaternion,5,2,187.096,0.015,5,8
Quaternion,5,2,379.897,0.014,4,8
Quaternion,5,2,821.93,0.018,8,8
Quaternion,5,2,355.421,0.013,3,8
Quaternion,5,2,197.726,0.013,3,8
Quaternion,5,2,194.034,0.016,6,8
Quaternion,5,2,160.135,0.015,4,8
Quaternion,5,2,194.399,0.016,6,8
Quaternion,5,2,254.911,0.017,8,8
Quaternion,5,2,287.944,0.017,7,8
Quaternion,5,2,300.492,0.017,8,8
Quaternion,5,2,236.327,0.015,4,8
Quaternion,5,2,125.814,0.015,5,8
Quaternion,5,2,299.235,0.014,3,8
Quaternion,5,2,956.182,0.013,4,8
Quaternion,5,2,185.972,0.017,7,8
Quaternion,5,2,631.393,0.018,8,8
Quaternion,5,2,289.158,0.016,6,8
Quaternion,5,2,336.343,0.015,5,8
Quaternion,5,2,219.921,0.013,3,8
Quaternion,5,2,333.778,0.014,4,8
Quaternion,5,2,457.776,0.015,4,8
Quaternion,5,2,276.475,0.013,2,8
Quaternion,5,2,383.146,0.016,8,8
Quaternion,5,2,289.484,0.014,4,8
Quaternion,5,2,216.536,0.015,5,8
Quaternion,5,2,563.358,0.015,5,8
Quaternion,5,2,171.275,0.017,8,8
Quaternion,5,2,592.647,0.012,2,8
Quaternion,5,2,352.713,0.012,2,8
Quaternion,5,2,704.094,0.016,6,8
Quaternion,5,2,243.844,0.014,3,8
Quaternion,5,2,255.307,0.017,8,8
Quaternion,5,2,340.578,0.018,8,8
Quaternion,5,2,186.304,0.012,2,8
Quaternion,5,2,227.313,0.013,3,8
Quaternion,5,2,611.708,0.014,4,8
Quaternion,5,2,288.133,0.015,4,8
Quaternion,5,2,352.18,0.017,7,8
Quaternion,5,2,242.15,0.017,6,8
Quaternion,5,2,592.101,0.015,6,8
Quaternion,5,2,247.251,0.014,4,8
Quaternion,5,3,280.743,0.017,6,8
Quaternion,5,3,233.717,0.014,3,8
Quaternion,5,3,216.98,0.014,4,8
Quaternion,5,3,486.335,0.016,6,8
Quaternion,5,3,197.398,0.015,5,8
Quaternion,5,3,372.873,0.019,9,8
Quaternion,5,3,221.392,0.015,4,8
Quaternion,5,3,238.952,0.018,8,8
Quaternion,5,3,456.378,0.02,8,8
Quaternion,5,3,398.414,0.017,6,8
Quaternion,5,3,562.545,0.015,4,8
Quaternion,5,3,360.051,0.019,9,8
Quaternion,5,3,197.328,0.016,4,8
Quaternion,5,3,448.786,0.013,3,8
Quaternion,5,3,174.869,0.017,8,8
Quaternion,5,3,227.576,0.016,6,8
Quaternion,5,3,213.285,0.021,7,8
Quaternion,5,3,272.945,0.013,3,8
Quaternion,5,3,277.655,0.015,5,8
Quaternion,5,3,160.362,0.017,6,8
Quaternion,5,3,366.662,0.015,6,8
Quaternion,5,3,270.775,0.017,7,8
Quaternion,5,3,298.67,0.014,4,8
Quaternion,5,3,243.55,0.016,4,8
Quaternion,5,3,255.276,0.019,8,8
Quaternion,5,3,556.5,0.023,8,8
Quaternion,5,3,208.302,0.019,7,8
Quaternion,5,3,397.535,0.018,8,8
Quaternion,5,3,137.487,0.019,8,8
Quaternion,5,3,311.769,0.016,5,8
Quaternion,5,3,179.444,0.015,5,8
Quaternion,5,3,300.033,0.019,8,8
Quaternion,5,3,538.289,0.017,7,8
Quaternion,5,3,227.622,0.017,6,8
Quaternion,5,3,417.798,0.014,4,8
Quaternion,5,3,489.417,0.015,5,8
Quaternion,5,3,524.128,0.015,4,8
Quaternion,5,3,238.946,0.019,4,8
Quaternion,5,3,451.334,0.017,6,8
Quaternion,5,3,194.813,0.017,6,8
Quaternion,5,3,227.833,0.015,5,8
Quaternion,5,3,396.888,0.014,4,8
Quaternion,5,3,269.701,0.02,6,8
Quaternion,5,3,332.344,0.017,7,8
Quaternion,5,3,203.197,0.019,7,8
Quaternion,5,3,318.207,0.012,3,8
Quaternion,5,3,363.563,0.017,7,8
Quaternion,5,3,194.303,0.014,3,8
Quaternion,5,3,443.712,0.016,3,8
Quaternion,5,3,453.933,0.015,4,8
Quaternion,5,4,420.275,0.019,7,8
Quaternion,5,4,281.653,0.016,5,8
Quaternion,5,4,487.001,0.016,5,8
Quaternion,5,4,298.481,0.015,2,8
Quaternion,5,4,253.647,0.014,4,8
Quaternion,5,4,224.739,0.017,7,8
Quaternion,5,4,348.601,0.02,8,8
Quaternion,5,4,202.362,0.014,3,8
Quaternion,5,4,328.455,0.014,3,8
Quaternion,5,4,216.548,0.012,2,8
Quaternion,5,4,298.323,0.015,4,8
Quaternion,5,4,456.78,0.021,9,8
Quaternion,5,4,309.635,0.015,4,8
Quaternion,5,4,376.319,0.02,8,8
Quaternion,5,4,250.815,0.018,6,8
Quaternion,5,4,584.106,0.021,7,8
Quaternion,5,4,213.579,0.013,2,8
Quaternion,5,4,350.176,0.013,3,8
Quaternion,5,4,209.118,0.016,5,8
Quaternion,5,4,438.906,0.013,2,8
Quaternion,5,4,323.712,0.017,7,8
Quaternion,5,4,179.62,0.019,7,8
Quaternion,5,4,266.192,0.015,4,8
Quaternion,5,4,272.184,0.015,4,8
Quaternion,5,4,284.475,0.018,6,8
Quaternion,5,4,151.548,0.017,6,8
Quaternion,5,4,281.188,0.016,5,8
Quaternion,5,4,272.215,0.019,7,8
Quaternion,5,4,296.728,0.025,7,8
Quaternion,5,4,465.511,0.018,6,8
Quaternion,5,4,442.021,0.015,4,8
Quaternion,5,4,200.549,0.013,2,8
Quaternion,5,4,325.445,0.015,4,8
Quaternion,5,4,236.618,0.025,9,8
Quaternion,5,4,211.162,0.017,4,8
Quaternion,5,4,145.248,0.017,4,8
Quaternion,5,4,202.596,0.018,8,8
Quaternion,5,4,214.368,0.015,3,8
Quaternion,5,4,290.285,0.018,6,8
Quaternion,5,4,220.375,0.014,3,8
Quaternion,5,4,355.454,0.018,7,8
Quaternion,5,4,254.989,0.016,4,8
Quaternion,5,4,451.437,0.018,6,8
Quaternion,5,4,403.521,0.016,4,8
Quaternion,5,4,391.779,0.02,7,8
Quaternion,5,4,198.585,0.019,6,8
Quaternion,5,4,391.535,0.014,3,8
Quaternion,5,4,154.668,0.016,4,8
Quaternion,5,4,265.904,0.016,5,8
Quaternion,5,4,205.659,0.017,5,8
Quaternion,5,5,280.319,0.019,7,8
Quaternion,5,5,235.938,0.02,8,8
Quaternion,5,5,221.144,0.018,5,8
Quaternion,5,5,326.199,0.021,9,8
Quaternion,5,5,388.296,0.02,6,8
Quaternion,5,5,311.869,0.018,5,8
Quaternion,5,5,236.146,0.018,6,8
Quaternion,5,5,456.592,0.019,6,8
Quaternion,5,5,200.935,0.015,4,8
Quaternion,5,5,513.289,0.023,8,8
Quaternion,5,5,314.614,0.017,5,8
Quaternion,5,5,571.55,0.018,7,8
Quaternion,5,5,249.447,0.019,7,8
Quaternion,5,5,414.922,0.015,4,8
Quaternion,5,5,425.499,0.019,6,8
Quaternion,5,5,591.199,0.014,3,8
Quaternion,5,5,366.159,0.014,3,8
Quaternion,5,5,319.21,0.016,5,8
Quaternion,5,5,160.713,0.016,5,8
Quaternion,5,5,182.82,0.017,6,8
Quaternion,5,5,239.656,0.02,5,8
Quaternion,5,5,202.398,0.015,4,8
Quaternion,5,5,459.115,0.019,7,8
Quaternion,5,5,414.265,0.017,5,8
Quaternion,5,5,205.536,0.024,9,8
Quaternion,5,5,296.638,0.02,7,8
Quaternion,5,5,402.813,0.015,4,8
Quaternion,5,5,140.937,0.016,4,8
Quaternion,5,5,240.175,0.016,4,8
Quaternion,5,5,138.75,0.028,6,8
Quaternion,5,5,163.963,0.018,6,8
Quaternion,5,5,255.875,0.015,4,8
Quaternion,5,5,211.436,0.018,6,8
Quaternion,5,5,228.949,0.017,5,8
Quaternion,5,5,220.578,0.017,6,8
Quaternion,5,5,487.7,0.019,7,8
Quaternion,5,5,281.45,0.024,8,8
Quaternion,5,5,288.253,0.016,5,8
Quaternion,5,5,288.557,0.017,5,8
Quaternion,5,5,213.26,0.017,5,8
Quaternion,5,5,412.222,0.02,8,8
Quaternion,5,5,377.96,0.017,5,8
Quaternion,5,5,151.764,0.016,4,8
Quaternion,5,5,216.85,0.016,6,8
Quaternion,5,5,418.337,0.016,5,8
Quaternion,5,5,273.471,0.018,7,8
Quaternion,5,5,171.723,0.016,5,8
Quaternion,5,5,230.936,0.018,4,8
Quaternion,5,5,318.53,0.019,7,8
Quaternion,5,5,469.212,0.015,4,8
Heisenberg5,5,1,47.393,176.845,9,41094811730846667976309640887887580025933764572191098671842634495326928533271459975073390222748795224510861268718086074366057353644329159944218032779955237746914329498961810780615186278748886682614678834642943
Heisenberg5,5,1,37.521,166.17,3,41094811730846667976309640887887580025933764572191098671842634495326928533271459975073390222748795224510861268718086074366057353644329159944218032779955237746914329498961810780615186278748886682614678834642943
Heisenberg5,5,1,36.678,180.514,11,41094811730846667976309640887887580025933764572191098671842634495326928533271459975073390222748795224510861268718086074366057353644329159944218032779955237746914329498961810780615186278748886682614678834642943
Heisenberg5,5,1,36.801,187.591,15,41094811730846667976309640887887580025933764572191098671842634495326928533271459975073390222748795224510861268718086074366057353644329159944218032779955237746914329498961810780615186278748886682614678834642943
Heisenberg5,5,1,38.067,185.865,14,41094811730846667976309640887887580025933764572191098671842634495326928533271459975073390222748795224510861268718086074366057353644329159944218032779955237746914329498961810780615186278748886682614678834642943
Heisenberg5,5,1,36.429,176.424,9,41094811730846667976309640887887580025933764572191098671842634495326928533271459975073390222748795224510861268718086074366057353644329159944218032779955237746914329498961810780615186278748886682614678834642943
Heisenberg5,5,1,37.573,184.094,13,41094811730846667976309640887887580025933764572191098671842634495326928533271459975073390222748795224510861268718086074366057353644329159944218032779955237746914329498961810780615186278748886682614678834642943
Heisenberg5,5,1,37.141,172.975,7,41094811730846667976309640887887580025933764572191098671842634495326928533271459975073390222748795224510861268718086074366057353644329159944218032779955237746914329498961810780615186278748886682614678834642943
Heisenberg5,5,1,36.196,171.317,6,41094811730846667976309640887887580025933764572191098671842634495326928533271459975073390222748795224510861268718086074366057353644329159944218032779955237746914329498961810780615186278748886682614678834642943
Heisenberg5,5,1,36.18,170.366,6,41094811730846667976309640887887580025933764572191098671842634495326928533271459975073390222748795224510861268718086074366057353644329159944218032779955237746914329498961810780615186278748886682614678834642943
Heisenberg5,5,1,36.219,189.755,16,41094811730846667976309640887887580025933764572191098671842634495326928533271459975073390222748795224510861268718086074366057353644329159944218032779955237746914329498961810780615186278748886682614678834642943
Heisenberg5,5,1,38.0,178.603,10,41094811730846667976309640887887580025933764572191098671842634495326928533271459975073390222748795224510861268718086074366057353644329159944218032779955237746914329498961810780615186278748886682614678834642943
Heisenberg5,5,1,36.202,181.187,11,41094811730846667976309640887887580025933764572191098671842634495326928533271459975073390222748795224510861268718086074366057353644329159944218032779955237746914329498961810780615186278748886682614678834642943
Heisenberg5,5,1,36.978,180.62,11,41094811730846667976309640887887580025933764572191098671842634495326928533271459975073390222748795224510861268718086074366057353644329159944218032779955237746914329498961810780615186278748886682614678834642943
Heisenberg5,5,1,36.564,187.768,15,41094811730846667976309640887887580025933764572191098671842634495326928533271459975073390222748795224510861268718086074366057353644329159944218032779955237746914329498961810780615186278748886682614678834642943
Heisenberg5,5,2,37.863,332.012,85,41094811730846667976309640887887580025933764572191098671842634495326928533271459975073390222748795224510861268718086074366057353644329159944218032779955237746914329498961810780615186278748886682614678834642943
Heisenberg5,5,2,37.235,271.199,54,41094811730846667976309640887887580025933764572191098671842634495326928533271459975073390222748795224510861268718086074366057353644329159944218032779955237746914329498961810780615186278748886682614678834642943
Heisenberg5,5,2,37.694,505.706,170,41094811730846667976309640887887580025933764572191098671842634495326928533271459975073390222748795224510861268718086074366057353644329159944218032779955237746914329498961810780615186278748886682614678834642943
Heisenberg5,5,2,37.531,197.54,19,41094811730846667976309640887887580025933764572191098671842634495326928533271459975073390222748795224510861268718086074366057353644329159944218032779955237746914329498961810780615186278748886682614678834642943
Heisenberg5,5,2,37.017,304.872,72,41094811730846667976309640887887580025933764572191098671842634495326928533271459975073390222748795224510861268718086074366057353644329159944218032779955237746914329498961810780615186278748886682614678834642943
Heisenberg5,5,2,37.611,331.473,84,41094811730846667976309640887887580025933764572191098671842634495326928533271459975073390222748795224510861268718086074366057353644329159944218032779955237746914329498961810780615186278748886682614678834642943
Heisenberg5,5,2,37.408,332.053,86,41094811730846667976309640887887580025933764572191098671842634495326928533271459975073390222748795224510861268718086074366057353644329159944218032779955237746914329498961810780615186278748886682614678834642943
Heisenberg5,5,2,37.481,296.799,69,41094811730846667976309640887887580025933764572191098671842634495326928533271459975073390222748795224510861268718086074366057353644329159944218032779955237746914329498961810780615186278748886682614678834642943
Heisenberg5,5,2,37.259,314.77,77,41094811730846667976309640887887580025933764572191098671842634495326928533271459975073390222748795224510861268718086074366057353644329159944218032779955237746914329498961810780615186278748886682614678834642943
Heisenberg5,5,2,39.271,281.996,60,41094811730846667976309640887887580025933764572191098671842634495326928533271459975073390222748795224510861268718086074366057353644329159944218032779955237746914329498961810780615186278748886682614678834642943
Heisenberg5,5,2,37.561,242.594,41,41094811730846667976309640887887580025933764572191098671842634495326928533271459975073390222748795224510861268718086074366057353644329159944218032779955237746914329498961810780615186278748886682614678834642943
Heisenberg5,5,2,37.797,305.783,72,41094811730846667976309640887887580025933764572191098671842634495326928533271459975073390222748795224510861268718086074366057353644329159944218032779955237746914329498961810780615186278748886682614678834642943
Heisenberg5,5,2,38.124,246.546,43,41094811730846667976309640887887580025933764572191098671842634495326928533271459975073390222748795224510861268718086074366057353644329159944218032779955237746914329498961810780615186278748886682614678834642943
Heisenberg5,5,2,38.847,215.072,28,41094811730846667976309640887887580025933764572191098671842634495326928533271459975073390222748795224510861268718086074366057353644329159944218032779955237746914329498961810780615186278748886682614678834642943
Heisenberg5,5,2,37.642,248.512,44,41094811730846667976309640887887580025933764572191098671842634495326928533271459975073390222748795224510861268718086074366057353644329159944218032779955237746914329498961810780615186278748886682614678834642943
Heisenberg5,5,3,38.964,347.63,83,41094811730846667976309640887887580025933764572191098671842634495326928533271459975073390222748795224510861268718086074366057353644329159944218032779955237746914329498961810780615186278748886682614678834642943
Heisenberg5,5,3,38.808,2204.575,919,41094811730846667976309640887887580025933764572191098671842634495326928533271459975073390222748795224510861268718086074366057353644329159944218032779955237746914329498961810780615186278748886682614678834642943
Heisenberg5,5,3,38.213,845.502,309,41094811730846667976309640887887580025933764572191098671842634495326928533271459975073390222748795224510861268718086074366057353644329159944218032779955237746914329498961810780615186278748886682614678834642943
Heisenberg5,5,3,38.16,1080.712,414,41094811730846667976309640887887580025933764572191098671842634495326928533271459975073390222748795224510861268718086074366057353644329159944218032779955237746914329498961810780615186278748886682614678834642943
Heisenberg5,5,3,39.09,379.342,97,41094811730846667976309640887887580025933764572191098671842634495326928533271459975073390222748795224510861268718086074366057353644329159944218032779955237746914329498961810780615186278748886682614678834642943
Heisenberg5,5,3,38.681,1760.175,717,41094811730846667976309640887887580025933764572191098671842634495326928533271459975073390222748795224510861268718086074366057353644329159944218032779955237746914329498961810780615186278748886682614678834642943
Heisenberg5,5,3,38.531,838.667,306,41094811730846667976309640887887580025933764572191098671842634495326928533271459975073390222748795224510861268718086074366057353644329159944218032779955237746914329498961810780615186278748886682614678834642943
Heisenberg5,5,3,38.144,1022.201,387,41094811730846667976309640887887580025933764572191098671842634495326928533271459975073390222748795224510861268718086074366057353644329159944218032779955237746914329498961810780615186278748886682614678834642943
Heisenberg5,5,3,39.172,1306.425,514,41094811730846667976309640887887580025933764572191098671842634495326928533271459975073390222748795224510861268718086074366057353644329159944218032779955237746914329498961810780615186278748886682614678834642943
Heisenberg5,5,3,38.887,1335.812,537,41094811730846667976309640887887580025933764572191098671842634495326928533271459975073390222748795224510861268718086074366057353644329159944218032779955237746914329498961810780615186278748886682614678834642943
Heisenberg5,5,3,40.227,447.492,129,41094811730846667976309640887887580025933764572191098671842634495326928533271459975073390222748795224510861268718086074366057353644329159944218032779955237746914329498961810780615186278748886682614678834642943
Heisenberg5,5,3,40.137,319.056,62,41094811730846667976309640887887580025933764572191098671842634495326928533271459975073390222748795224510861268718086074366057353644329159944218032779955237746914329498961810780615186278748886682614678834642943
Heisenberg5,5,3,39.031,1475.498,594,41094811730846667976309640887887580025933764572191098671842634495326928533271459975073390222748795224510861268718086074366057353644329159944218032779955237746914329498961810780615186278748886682614678834642943
Heisenberg5,5,3,38.986,1823.808,748,41094811730846667976309640887887580025933764572191098671842634495326928533271459975073390222748795224510861268718086074366057353644329159944218032779955237746914329498961810780615186278748886682614678834642943
Heisenberg5,5,3,38.325,191.177,12,41094811730846667976309640887887580025933764572191098671842634495326928533271459975073390222748795224510861268718086074366057353644329159944218032779955237746914329498961810780615186278748886682614678834642943
Heisenberg5,5,4,38.964,1531.332,569,41094811730846667976309640887887580025933764572191098671842634495326928533271459975073390222748795224510861268718086074366057353644329159944218032779955237746914329498961810780615186278748886682614678834642943
Heisenberg5,5,4,40.145,552.247,161,41094811730846667976309640887887580025933764572191098671842634495326928533271459975073390222748795224510861268718086074366057353644329159944218032779955237746914329498961810780615186278748886682614678834642943
Heisenberg5,5,4,39.518,11538.623,4705,41094811730846667976309640887887580025933764572191098671842634495326928533271459975073390222748795224510861268718086074366057353644329159944218032779955237746914329498961810780615186278748886682614678834642943
Heisenberg5,5,4,41.864,1380.519,475,41094811730846667976309640887887580025933764572191098671842634495326928533271459975073390222748795224510861268718086074366057353644329159944218032779955237746914329498961810780615186278748886682614678834642943
Heisenberg5,5,4,41.096,2814.36,1047,41094811730846667976309640887887580025933764572191098671842634495326928533271459975073390222748795224510861268718086074366057353644329159944218032779955237746914329498961810780615186278748886682614678834642943
Heisenberg5,5,4,41.183,4262.701,1615,41094811730846667976309640887887580025933764572191098671842634495326928533271459975073390222748795224510861268718086074366057353644329159944218032779955237746914329498961810780615186278748886682614678834642943
Heisenberg5,5,4,40.561,9215.865,3604,41094811730846667976309640887887580025933764572191098671842634495326928533271459975073390222748795224510861268718086074366057353644329159944218032779955237746914329498961810780615186278748886682614678834642943
Heisenberg5,5,4,40.667,3937.957,1548,41094811730846667976309640887887580025933764572191098671842634495326928533271459975073390222748795224510861268718086074366057353644329159944218032779955237746914329498961810780615186278748886682614678834642943
Heisenberg5,5,4,40.277,8497.006,3408,41094811730846667976309640887887580025933764572191098671842634495326928533271459975073390222748795224510861268718086074366057353644329159944218032779955237746914329498961810780615186278748886682614678834642943
Heisenberg5,5,4,40.019,2187.515,807,41094811730846667976309640887887580025933764572191098671842634495326928533271459975073390222748795224510861268718086074366057353644329159944218032779955237746914329498961810780615186278748886682614678834642943
Heisenberg5,5,4,39.65,17117.586,6937,41094811730846667976309640887887580025933764572191098671842634495326928533271459975073390222748795224510861268718086074366057353644329159944218032779955237746914329498961810780615186278748886682614678834642943
Heisenberg5,5,4,40.053,5898.345,2256,41094811730846667976309640887887580025933764572191098671842634495326928533271459975073390222748795224510861268718086074366057353644329159944218032779955237746914329498961810780615186278748886682614678834642943
Heisenberg5,5,4,39.505,5140.29,2016,41094811730846667976309640887887580025933764572191098671842634495326928533271459975073390222748795224510861268718086074366057353644329159944218032779955237746914329498961810780615186278748886682614678834642943
Heisenberg5,5,4,43.551,6008.896,2394,41094811730846667976309640887887580025933764572191098671842634495326928533271459975073390222748795224510861268718086074366057353644329159944218032779955237746914329498961810780615186278748886682614678834642943
Heisenberg5,5,4,40.58,3204.674,1283,41094811730846667976309640887887580025933764572191098671842634495326928533271459975073390222748795224510861268718086074366057353644329159944218032779955237746914329498961810780615186278748886682614678834642943
Heisenberg5,5,5,40.731,16768.127,6257,41094811730846667976309640887887580025933764572191098671842634495326928533271459975073390222748795224510861268718086074366057353644329159944218032779955237746914329498961810780615186278748886682614678834642943
Heisenberg5,5,5,42.434,2357.887,827,41094811730846667976309640887887580025933764572191098671842634495326928533271459975073390222748795224510861268718086074366057353644329159944218032779955237746914329498961810780615186278748886682614678834642943
Heisenberg5,5,5,43.7,44204.428,16806,41094811730846667976309640887887580025933764572191098671842634495326928533271459975073390222748795224510861268718086074366057353644329159944218032779955237746914329498961810780615186278748886682614678834642943
Heisenberg5,5,5,40.462,5353.008,1950,41094811730846667976309640887887580025933764572191098671842634495326928533271459975073390222748795224510861268718086074366057353644329159944218032779955237746914329498961810780615186278748886682614678834642943
Heisenberg5,5,5,42.866,16062.758,6026,41094811730846667976309640887887580025933764572191098671842634495326928533271459975073390222748795224510861268718086074366057353644329159944218032779955237746914329498961810780615186278748886682614678834642943
Heisenberg5,5,5,41.234,13434.596,5135,41094811730846667976309640887887580025933764572191098671842634495326928533271459975073390222748795224510861268718086074366057353644329159944218032779955237746914329498961810780615186278748886682614678834642943
Heisenberg5,5,5,50.591,10786.679,4137,41094811730846667976309640887887580025933764572191098671842634495326928533271459975073390222748795224510861268718086074366057353644329159944218032779955237746914329498961810780615186278748886682614678834642943
Heisenberg5,5,5,39.565,964.587,313,41094811730846667976309640887887580025933764572191098671842634495326928533271459975073390222748795224510861268718086074366057353644329159944218032779955237746914329498961810780615186278748886682614678834642943
Heisenberg5,5,5,40.622,154648.113,58036,41094811730846667976309640887887580025933764572191098671842634495326928533271459975073390222748795224510861268718086074366057353644329159944218032779955237746914329498961810780615186278748886682614678834642943
S16,5,1,772.041,0.024,7,20922789888000
S16,5,1,164.177,0.02,8,20922789888000
S16,5,1,163.845,0.022,13,20922789888000
S16,5,1,162.161,0.018,8,20922789888000
S16,5,1,162.029,0.027,7,20922789888000
S16,5,2,163.695,0.107,115,20922789888000
S16,5,2,162.727,0.041,36,20922789888000
S16,5,2,162.472,0.089,103,20922789888000
S16,5,2,162.985,0.076,78,20922789888000
S16,5,2,162.126,0.15,185,20922789888000
S16,5,3,163.071,1.056,1211,20922789888000
S16,5,3,161.983,1.006,1123,20922789888000
S16,5,3,161.955,0.873,990,20922789888000
S16,5,3,161.926,1.519,1698,20922789888000
S16,5,3,162.566,0.632,714,20922789888000
S16,5,4,163.128,5.971,6032,20922789888000
S16,5,4,312.326,8.103,8091,20922789888000
S16,5,4,173.933,2.477,2371,20922789888000
S16,5,4,163.113,3.565,3535,20922789888000
S16,5,4,162.837,7.645,7711,20922789888000
S16,5,5,186.045,13.686,12568,20922789888000
S16,5,5,161.804,122.571,110312,20922789888000
S16,5,5,158.646,35.494,32982,20922789888000
S16,5,5,160.812,73.984,67935,20922789888000
S16,5,5,158.362,58.183,53207,20922789888000
S16,5,6,160.181,311.678,258599,20922789888000
S16,5,6,188.879,1518.887,1300922,20922789888000
S16,5,6,186.498,74.412,62112,20922789888000
S16,5,6,157.164,2007.157,1668187,20922789888000
S16,5,6,181.321,1139.111,964241,20922789888000
S16,5,7,173.778,13737.693,10749930,20922789888000
S16,5,7,188.058,8133.022,6288278,20922789888000
S16,5,7,177.965,820.075,642504,20922789888000
S16,5,7,176.344,1466.183,1130038,20922789888000
S16,5,7,181.078,6538.561,5038946,20922789888000
S16,5,1,688.201,0.023,9,20922789888000
S16,5,1,151.244,0.019,9,20922789888000
S16,5,1,151.118,0.024,16,20922789888000
S16,5,1,151.092,0.018,7,20922789888000
S16,5,1,151.884,0.025,17,20922789888000
S16,5,2,150.727,0.059,59,20922789888000
S16,5,2,150.681,0.087,100,20922789888000
S16,5,2,150.8,0.144,178,20922789888000
S16,5,2,151.643,0.046,40,20922789888000
S16,5,2,153.493,0.063,42,20922789888000
S16,5,3,153.645,0.821,923,20922789888000
S16,5,3,151.417,0.266,293,20922789888000
S16,5,3,151.028,0.488,546,20922789888000
S16,5,3,150.695,1.223,1386,20922789888000
S16,5,3,149.973,0.714,822,20922789888000
S16,5,4,149.654,3.843,3829,20922789888000
S16,5,4,148.635,17.649,17908,20922789888000
S16,5,4,256.334,7.713,8005,20922789888000
S16,5,4,156.697,12.681,13068,20922789888000
S16,5,4,149.311,6.145,6283,20922789888000
S16,5,5,155.98,78.49,73000,20922789888000
S16,5,5,146.585,77.634,72680,20922789888000
S16,5,5,148.472,87.378,80956,20922789888000
S16,5,5,149.163,20.245,18547,20922789888000
S16,5,5,147.497,12.599,11668,20922789888000
S16,5,6,146.985,135.278,112676,20922789888000
S16,5,6,149.302,446.229,376366,20922789888000
S16,5,6,175.534,197.879,167812,20922789888000
S16,5,6,164.728,1405.936,1192121,20922789888000
S16,5,6,171.585,132.227,112114,20922789888000
S16,5,7,147.05,1351.095,1052367,20922789888000
S16,5,7,168.237,81.635,62886,20922789888000
S16,5,7,148.103,744.428,582613,20922789888000
S16,5,7,170.563,4390.708,3438045,20922789888000
S16,5,7,167.843,13808.2,10876829,20922789888000
S16,5,1,722.453,0.027,13,20922789888000
S16,5,1,149.099,0.015,3,20922789888000
S16,5,1,150.439,0.023,14,20922789888000
S16,5,1,149.814,0.015,2,20922789888000
S16,5,1,149.85,0.022,14,20922789888000
S16,5,2,150.097,0.087,99,20922789888000
S16,5,2,149.95,0.146,180,20922789888000
S16,5,2,149.462,0.022,11,20922789888000
S16,5,2,150.309,0.096,112,20922789888000
S16,5,2,149.775,0.108,126,20922789888000
S16,5,3,149.662,1.031,1184,20922789888000
S16,5,3,149.233,0.815,924,20922789888000
S16,5,3,148.814,0.879,1038,20922789888000
S16,5,3,148.971,0.157,170,20922789888000
S16,5,3,150.19,0.626,715,20922789888000
S16,5,4,149.224,7.83,8220,20922789888000
S16,5,4,252.298,1.05,1064,20922789888000
S16,5,4,149.768,9.992,10263,20922789888000
S16,5,4,155.413,2.21,2250,20922789888000
S16,5,4,147.421,9.113,9408,20922789888000
S16,5,5,155.806,122.973,117374,20922789888000
S16,5,5,145.464,126.977,118767,20922789888000
S16,5,5,148.347,33.305,31322,20922789888000
S16,5,5,145.056,6.449,5853,20922789888000
S16,5,5,150.13,102.459,96288,20922789888000
S16,5,6,143.763,1590.56,1356823,20922789888000
S16,5,6,166.193,131.516,113484,20922789888000
S16,5,6,146.436,1010.838,875165,20922789888000
S16,5,6,162.136,1354.831,1160567,20922789888000
S16,5,6,168.486,575.95,491916,20922789888000
S16,5,7,164.233,8103.687,6362398,20922789888000
S16,5,7,166.835,747.56,584637,20922789888000
S16,5,7,172.961,11964.123,9534342,20922789888000
S16,5,7,160.115,1216.646,942972,20922789888000
S16,5,7,165.176,4899.289,3906807,20922789888000
S16,5,1,780.169,0.019,4,20922789888000
S16,5,1,175.77,0.024,17,20922789888000
S16,5,1,177.418,0.019,9,20922789888000
S16,5,1,175.822,0.022,12,20922789888000
S16,5,1,176.055,0.025,14,20922789888000
S16,5,2,176.35,0.066,71,20922789888000
S16,5,2,176.673,0.109,133,20922789888000
S16,5,2,176.285,0.103,122,20922789888000
S16,5,2,176.393,0.018,7,20922789888000
S16,5,2,176.654,0.033,27,20922789888000
S16,5,3,176.374,0.673,784,20922789888000
S16,5,3,176.324,0.951,1080,20922789888000
S16,5,3,174.847,0.725,830,20922789888000
S16,5,3,175.577,0.819,939,20922789888000
S16,5,3,175.596,1.202,1384,20922789888000
S16,5,4,174.86,4.413,4586,20922789888000
S16,5,4,170.963,4.574,4698,20922789888000
S16,5,4,171.48,4.007,4156,20922789888000
S16,5,4,172.202,10.232,10606,20922789888000
S16,5,4,307.686,10.2,10444,20922789888000
S16,5,5,181.287,49.158,46797,20922789888000
S16,5,5,170.686,67.268,63282,20922789888000
S16,5,5,171.56,24.787,23382,20922789888000
S16,5,5,169.736,186.567,178034,20922789888000
S16,5,5,183.103,50.71,48090,20922789888000
S16,5,6,171.04,1214.921,1068609,20922789888000
S16,5,6,192.521,79.264,68436,20922789888000
S16,5,6,172.281,857.703,740823,20922789888000
S16,5,6,189.958,123.116,106947,20922789888000
S16,5,6,172.763,346.987,304330,20922789888000
S16,5,7,190.579,969.425,753523,20922789888000
S16,5,7,192.356,8999.427,7109177,20922789888000
S16,5,7,190.571,18549.631,14859046,20922789888000
S16,5,7,189.739,9401.117,7536124,20922789888000
S16,5,7,191.924,20072.297,15719857,20922789888000
S16,5,8,629.928,853.066,610923,20922789888000
S16,5,8,136.379,98534.064,71967086,20922789888000
S16,5,8,133.492,18630.857,13363992,20922789888000
S16,5,8,128.66,22454.792,16444075,20922789888000
S16,5,8,128.442,106477.123,75741131,20922789888000
S16,5,8,133.669,137475.988,100226772,20922789888000
